timestamp,timestamp,light_power
2017-02-10 00:00:00,2017-02-10 00:00:00,0.0
2017-02-10 01:00:00,2017-02-10 01:00:00,0.0
2017-02-10 02:00:00,2017-02-10 02:00:00,0.0
2017-02-10 03:00:00,2017-02-10 03:00:00,0.0
2017-02-10 04:00:00,2017-02-10 04:00:00,0.0
2017-02-10 05:00:00,2017-02-10 05:00:00,0.0
2017-02-10 06:00:00,2017-02-10 06:00:00,0.0
2017-02-10 07:00:00,2017-02-10 07:00:00,0.0
2017-02-10 08:00:00,2017-02-10 08:00:00,0.0
2017-02-10 09:00:00,2017-02-10 09:00:00,0.0
2017-02-10 10:00:00,2017-02-10 10:00:00,49.9366127425
2017-02-10 11:00:00,2017-02-10 11:00:00,18.185579885
2017-02-10 12:00:00,2017-02-10 12:00:00,32.7139846063
2017-02-10 13:00:00,2017-02-10 13:00:00,41.8044278793
2017-02-10 14:00:00,2017-02-10 14:00:00,46.016051821
2017-02-10 15:00:00,2017-02-10 15:00:00,43.3053881737
2017-02-10 16:00:00,2017-02-10 16:00:00,35.2208109985
2017-02-10 17:00:00,2017-02-10 17:00:00,22.4675266571
2017-02-10 18:00:00,2017-02-10 18:00:00,29.0838468468
2017-02-10 19:00:00,2017-02-10 19:00:00,0.0
2017-02-10 20:00:00,2017-02-10 20:00:00,0.0
2017-02-10 21:00:00,2017-02-10 21:00:00,0.0
2017-02-10 22:00:00,2017-02-10 22:00:00,0.0
2017-02-10 23:00:00,2017-02-10 23:00:00,0.0
2017-02-11 00:00:00,2017-02-11 00:00:00,0.0
2017-02-11 01:00:00,2017-02-11 01:00:00,0.0
2017-02-11 02:00:00,2017-02-11 02:00:00,0.0
2017-02-11 03:00:00,2017-02-11 03:00:00,0.0
2017-02-11 04:00:00,2017-02-11 04:00:00,0.0
2017-02-11 05:00:00,2017-02-11 05:00:00,0.0
2017-02-11 06:00:00,2017-02-11 06:00:00,0.0
2017-02-11 07:00:00,2017-02-11 07:00:00,0.0
2017-02-11 08:00:00,2017-02-11 08:00:00,0.0
2017-02-11 09:00:00,2017-02-11 09:00:00,0.0
2017-02-11 10:00:00,2017-02-11 10:00:00,51.0840572647
2017-02-11 11:00:00,2017-02-11 11:00:00,19.0471268671
2017-02-11 12:00:00,2017-02-11 12:00:00,33.2419763628
2017-02-11 13:00:00,2017-02-11 13:00:00,42.1651609868
2017-02-11 14:00:00,2017-02-11 14:00:00,46.2889127949
2017-02-11 15:00:00,2017-02-11 15:00:00,43.6379376292
2017-02-11 16:00:00,2017-02-11 16:00:00,35.7054089866
2017-02-11 17:00:00,2017-02-11 17:00:00,23.2199054346
2017-02-11 18:00:00,2017-02-11 18:00:00,30.1560240213
2017-02-11 19:00:00,2017-02-11 19:00:00,0.0
2017-02-11 20:00:00,2017-02-11 20:00:00,0.0
2017-02-11 21:00:00,2017-02-11 21:00:00,0.0
2017-02-11 22:00:00,2017-02-11 22:00:00,0.0
2017-02-11 23:00:00,2017-02-11 23:00:00,0.0
2017-02-12 00:00:00,2017-02-12 00:00:00,0.0
2017-02-12 01:00:00,2017-02-12 01:00:00,0.0
2017-02-12 02:00:00,2017-02-12 02:00:00,0.0
2017-02-12 03:00:00,2017-02-12 03:00:00,0.0
2017-02-12 04:00:00,2017-02-12 04:00:00,0.0
2017-02-12 05:00:00,2017-02-12 05:00:00,0.0
2017-02-12 06:00:00,2017-02-12 06:00:00,0.0
2017-02-12 07:00:00,2017-02-12 07:00:00,0.0
2017-02-12 08:00:00,2017-02-12 08:00:00,0.0
2017-02-12 09:00:00,2017-02-12 09:00:00,0.0
2017-02-12 10:00:00,2017-02-12 10:00:00,39.2635678113
2017-02-12 11:00:00,2017-02-12 11:00:00,19.9003074233
2017-02-12 12:00:00,2017-02-12 12:00:00,33.7687920284
2017-02-12 13:00:00,2017-02-12 13:00:00,42.5259739113
2017-02-12 14:00:00,2017-02-12 14:00:00,46.5620883075
2017-02-12 15:00:00,2017-02-12 15:00:00,43.968296842
2017-02-12 16:00:00,2017-02-12 16:00:00,36.1849915146
2017-02-12 17:00:00,2017-02-12 17:00:00,23.9603430848
2017-02-12 18:00:00,2017-02-12 18:00:00,26.2627170745
2017-02-12 19:00:00,2017-02-12 19:00:00,0.0
2017-02-12 20:00:00,2017-02-12 20:00:00,0.0
2017-02-12 21:00:00,2017-02-12 21:00:00,0.0
2017-02-12 22:00:00,2017-02-12 22:00:00,0.0
2017-02-12 23:00:00,2017-02-12 23:00:00,0.0
2017-02-13 00:00:00,2017-02-13 00:00:00,0.0
2017-02-13 01:00:00,2017-02-13 01:00:00,0.0
2017-02-13 02:00:00,2017-02-13 02:00:00,0.0
2017-02-13 03:00:00,2017-02-13 03:00:00,0.0
2017-02-13 04:00:00,2017-02-13 04:00:00,0.0
2017-02-13 05:00:00,2017-02-13 05:00:00,0.0
2017-02-13 06:00:00,2017-02-13 06:00:00,0.0
2017-02-13 07:00:00,2017-02-13 07:00:00,0.0
2017-02-13 08:00:00,2017-02-13 08:00:00,0.0
2017-02-13 09:00:00,2017-02-13 09:00:00,0.0
2017-02-13 10:00:00,2017-02-13 10:00:00,40.4198860422
2017-02-13 11:00:00,2017-02-13 11:00:00,20.7449363237
2017-02-13 12:00:00,2017-02-13 12:00:00,34.294132892
2017-02-13 13:00:00,2017-02-13 13:00:00,42.8866571403
2017-02-13 14:00:00,2017-02-13 14:00:00,46.8354741579
2017-02-13 15:00:00,2017-02-13 15:00:00,44.2964731589
2017-02-13 16:00:00,2017-02-13 16:00:00,36.6595910191
2017-02-13 17:00:00,2017-02-13 17:00:00,24.6891796772
2017-02-13 18:00:00,2017-02-13 18:00:00,27.329091534
2017-02-13 19:00:00,2017-02-13 19:00:00,0.0
2017-02-13 20:00:00,2017-02-13 20:00:00,0.0
2017-02-13 21:00:00,2017-02-13 21:00:00,0.0
2017-02-13 22:00:00,2017-02-13 22:00:00,0.0
2017-02-13 23:00:00,2017-02-13 23:00:00,0.0
2017-02-14 00:00:00,2017-02-14 00:00:00,0.0
2017-02-14 01:00:00,2017-02-14 01:00:00,0.0
2017-02-14 02:00:00,2017-02-14 02:00:00,0.0
2017-02-14 03:00:00,2017-02-14 03:00:00,0.0
2017-02-14 04:00:00,2017-02-14 04:00:00,0.0
2017-02-14 05:00:00,2017-02-14 05:00:00,0.0
2017-02-14 06:00:00,2017-02-14 06:00:00,0.0
2017-02-14 07:00:00,2017-02-14 07:00:00,0.0
2017-02-14 08:00:00,2017-02-14 08:00:00,0.0
2017-02-14 09:00:00,2017-02-14 09:00:00,0.0
2017-02-14 10:00:00,2017-02-14 10:00:00,41.5578150097
2017-02-14 11:00:00,2017-02-14 11:00:00,21.5808558232
2017-02-14 12:00:00,2017-02-14 12:00:00,34.8177192691
2017-02-14 13:00:00,2017-02-14 13:00:00,43.2470130417
2017-02-14 14:00:00,2017-02-14 14:00:00,47.1089710882
2017-02-14 15:00:00,2017-02-14 15:00:00,44.6224772927
2017-02-14 16:00:00,2017-02-14 16:00:00,37.1292474874
2017-02-14 17:00:00,2017-02-14 17:00:00,25.4067453702
2017-02-14 18:00:00,2017-02-14 18:00:00,28.3710785304
2017-02-14 19:00:00,2017-02-14 19:00:00,0.0
2017-02-14 20:00:00,2017-02-14 20:00:00,0.0
2017-02-14 21:00:00,2017-02-14 21:00:00,0.0
2017-02-14 22:00:00,2017-02-14 22:00:00,0.0
2017-02-14 23:00:00,2017-02-14 23:00:00,0.0
2017-02-15 00:00:00,2017-02-15 00:00:00,0.0
2017-02-15 01:00:00,2017-02-15 01:00:00,0.0
2017-02-15 02:00:00,2017-02-15 02:00:00,0.0
2017-02-15 03:00:00,2017-02-15 03:00:00,0.0
2017-02-15 04:00:00,2017-02-15 04:00:00,0.0
2017-02-15 05:00:00,2017-02-15 05:00:00,0.0
2017-02-15 06:00:00,2017-02-15 06:00:00,0.0
2017-02-15 07:00:00,2017-02-15 07:00:00,0.0
2017-02-15 08:00:00,2017-02-15 08:00:00,0.0
2017-02-15 09:00:00,2017-02-15 09:00:00,0.0
2017-02-15 10:00:00,2017-02-15 10:00:00,34.6621367362
2017-02-15 11:00:00,2017-02-15 11:00:00,22.4079343676
2017-02-15 12:00:00,2017-02-15 12:00:00,35.3392904534
2017-02-15 13:00:00,2017-02-15 13:00:00,43.6068559128
2017-02-15 14:00:00,2017-02-15 14:00:00,47.3824844813
2017-02-15 15:00:00,2017-02-15 15:00:00,44.9463218767
2017-02-15 16:00:00,2017-02-15 16:00:00,37.5940060392
2017-02-15 17:00:00,2017-02-15 17:00:00,26.1133583888
2017-02-15 18:00:00,2017-02-15 18:00:00,25.1791703335
2017-02-15 19:00:00,2017-02-15 19:00:00,0.0
2017-02-15 20:00:00,2017-02-15 20:00:00,0.0
2017-02-15 21:00:00,2017-02-15 21:00:00,0.0
2017-02-15 22:00:00,2017-02-15 22:00:00,0.0
2017-02-15 23:00:00,2017-02-15 23:00:00,0.0
2017-02-16 00:00:00,2017-02-16 00:00:00,0.0
2017-02-16 01:00:00,2017-02-16 01:00:00,0.0
2017-02-16 02:00:00,2017-02-16 02:00:00,0.0
2017-02-16 03:00:00,2017-02-16 03:00:00,0.0
2017-02-16 04:00:00,2017-02-16 04:00:00,0.0
2017-02-16 05:00:00,2017-02-16 05:00:00,0.0
2017-02-16 06:00:00,2017-02-16 06:00:00,0.0
2017-02-16 07:00:00,2017-02-16 07:00:00,0.0
2017-02-16 08:00:00,2017-02-16 08:00:00,0.0
2017-02-16 09:00:00,2017-02-16 09:00:00,0.0
2017-02-16 10:00:00,2017-02-16 10:00:00,35.8060935205
2017-02-16 11:00:00,2017-02-16 11:00:00,23.2260652468
2017-02-16 12:00:00,2017-02-16 12:00:00,35.8586045593
2017-02-16 13:00:00,2017-02-16 13:00:00,43.9660119633
2017-02-16 14:00:00,2017-02-16 14:00:00,47.6559242618
2017-02-16 15:00:00,2017-02-16 15:00:00,45.2680207341
2017-02-16 16:00:00,2017-02-16 16:00:00,38.05391563
2017-02-16 17:00:00,2017-02-16 17:00:00,26.8093246789
2017-02-16 18:00:00,2017-02-16 18:00:00,26.2165331578
2017-02-16 19:00:00,2017-02-16 19:00:00,0.0
2017-02-16 20:00:00,2017-02-16 20:00:00,0.0
2017-02-16 21:00:00,2017-02-16 21:00:00,0.0
2017-02-16 22:00:00,2017-02-16 22:00:00,0.0
2017-02-16 23:00:00,2017-02-16 23:00:00,0.0
2017-02-17 00:00:00,2017-02-17 00:00:00,0.0
2017-02-17 01:00:00,2017-02-17 01:00:00,0.0
2017-02-17 02:00:00,2017-02-17 02:00:00,0.0
2017-02-17 03:00:00,2017-02-17 03:00:00,0.0
2017-02-17 04:00:00,2017-02-17 04:00:00,0.0
2017-02-17 05:00:00,2017-02-17 05:00:00,0.0
2017-02-17 06:00:00,2017-02-17 06:00:00,0.0
2017-02-17 07:00:00,2017-02-17 07:00:00,0.0
2017-02-17 08:00:00,2017-02-17 08:00:00,0.0
2017-02-17 09:00:00,2017-02-17 09:00:00,0.0
2017-02-17 10:00:00,2017-02-17 10:00:00,30.9186867326
2017-02-17 11:00:00,2017-02-17 11:00:00,24.0351649132
2017-02-17 12:00:00,2017-02-17 12:00:00,36.375438086
2017-02-17 13:00:00,2017-02-17 13:00:00,44.3243191273
2017-02-17 14:00:00,2017-02-17 14:00:00,47.9292048955
2017-02-17 15:00:00,2017-02-17 15:00:00,45.587588663
2017-02-17 16:00:00,2017-02-17 16:00:00,38.5090285582
2017-02-17 17:00:00,2017-02-17 17:00:00,27.4949386736
2017-02-17 18:00:00,2017-02-17 18:00:00,27.2306301071
2017-02-17 19:00:00,2017-02-17 19:00:00,0.0
2017-02-17 20:00:00,2017-02-17 20:00:00,0.0
2017-02-17 21:00:00,2017-02-17 21:00:00,0.0
2017-02-17 22:00:00,2017-02-17 22:00:00,0.0
2017-02-17 23:00:00,2017-02-17 23:00:00,0.0
2017-02-18 00:00:00,2017-02-18 00:00:00,0.0
2017-02-18 01:00:00,2017-02-18 01:00:00,0.0
2017-02-18 02:00:00,2017-02-18 02:00:00,0.0
2017-02-18 03:00:00,2017-02-18 03:00:00,0.0
2017-02-18 04:00:00,2017-02-18 04:00:00,0.0
2017-02-18 05:00:00,2017-02-18 05:00:00,0.0
2017-02-18 06:00:00,2017-02-18 06:00:00,0.0
2017-02-18 07:00:00,2017-02-18 07:00:00,0.0
2017-02-18 08:00:00,2017-02-18 08:00:00,0.0
2017-02-18 09:00:00,2017-02-18 09:00:00,0.0
2017-02-18 10:00:00,2017-02-18 10:00:00,32.0676734309
2017-02-18 11:00:00,2017-02-18 11:00:00,24.8351710628
2017-02-18 12:00:00,2017-02-18 12:00:00,36.889585246
2017-02-18 13:00:00,2017-02-18 13:00:00,44.6816267235
2017-02-18 14:00:00,2017-02-18 14:00:00,48.2022454015
2017-02-18 15:00:00,2017-02-18 15:00:00,45.905041457
2017-02-18 16:00:00,2017-02-18 16:00:00,38.9594003429
2017-02-18 17:00:00,2017-02-18 17:00:00,28.1704844908
2017-02-18 18:00:00,2017-02-18 18:00:00,24.5277424307
2017-02-18 19:00:00,2017-02-18 19:00:00,0.0
2017-02-18 20:00:00,2017-02-18 20:00:00,0.0
2017-02-18 21:00:00,2017-02-18 21:00:00,0.0
2017-02-18 22:00:00,2017-02-18 22:00:00,0.0
2017-02-18 23:00:00,2017-02-18 23:00:00,0.0
2017-02-19 00:00:00,2017-02-19 00:00:00,0.0
2017-02-19 01:00:00,2017-02-19 01:00:00,0.0
2017-02-19 02:00:00,2017-02-19 02:00:00,0.0
2017-02-19 03:00:00,2017-02-19 03:00:00,0.0
2017-02-19 04:00:00,2017-02-19 04:00:00,0.0
2017-02-19 05:00:00,2017-02-19 05:00:00,0.0
2017-02-19 06:00:00,2017-02-19 06:00:00,0.0
2017-02-19 07:00:00,2017-02-19 07:00:00,0.0
2017-02-19 08:00:00,2017-02-19 08:00:00,0.0
2017-02-19 09:00:00,2017-02-19 09:00:00,0.0
2017-02-19 10:00:00,2017-02-19 10:00:00,33.1955360396
2017-02-19 11:00:00,2017-02-19 11:00:00,25.6260407147
2017-02-19 12:00:00,2017-02-19 12:00:00,37.4008571916
2017-02-19 13:00:00,2017-02-19 13:00:00,45.0377950472
2017-02-19 14:00:00,2017-02-19 14:00:00,48.4749693462
2017-02-19 15:00:00,2017-02-19 15:00:00,46.2203959828
2017-02-19 16:00:00,2017-02-19 16:00:00,39.4050896852
2017-02-19 17:00:00,2017-02-19 17:00:00,28.8362371148
2017-02-19 18:00:00,2017-02-19 18:00:00,25.5383429694
2017-02-19 19:00:00,2017-02-19 19:00:00,0.0
2017-02-19 20:00:00,2017-02-19 20:00:00,0.0
2017-02-19 21:00:00,2017-02-19 21:00:00,0.0
2017-02-19 22:00:00,2017-02-19 22:00:00,0.0
2017-02-19 23:00:00,2017-02-19 23:00:00,0.0
2017-02-20 00:00:00,2017-02-20 00:00:00,0.0
2017-02-20 01:00:00,2017-02-20 01:00:00,0.0
2017-02-20 02:00:00,2017-02-20 02:00:00,0.0
2017-02-20 03:00:00,2017-02-20 03:00:00,0.0
2017-02-20 04:00:00,2017-02-20 04:00:00,0.0
2017-02-20 05:00:00,2017-02-20 05:00:00,0.0
2017-02-20 06:00:00,2017-02-20 06:00:00,0.0
2017-02-20 07:00:00,2017-02-20 07:00:00,0.0
2017-02-20 08:00:00,2017-02-20 08:00:00,0.0
2017-02-20 09:00:00,2017-02-20 09:00:00,0.0
2017-02-20 10:00:00,2017-02-20 10:00:00,29.436677669
2017-02-20 11:00:00,2017-02-20 11:00:00,26.4077484128
2017-02-20 12:00:00,2017-02-20 12:00:00,37.9090812264
2017-02-20 13:00:00,2017-02-20 13:00:00,45.3926949408
2017-02-20 14:00:00,2017-02-20 14:00:00,48.7473048067
2017-02-20 15:00:00,2017-02-20 15:00:00,46.5336702269
2017-02-20 16:00:00,2017-02-20 16:00:00,39.846158377
2017-02-20 17:00:00,2017-02-20 17:00:00,29.4924633811
2017-02-20 18:00:00,2017-02-20 18:00:00,26.5267611699
2017-02-20 19:00:00,2017-02-20 19:00:00,0.0
2017-02-20 20:00:00,2017-02-20 20:00:00,0.0
2017-02-20 21:00:00,2017-02-20 21:00:00,0.0
2017-02-20 22:00:00,2017-02-20 22:00:00,0.0
2017-02-20 23:00:00,2017-02-20 23:00:00,0.0
2017-02-21 00:00:00,2017-02-21 00:00:00,0.0
2017-02-21 01:00:00,2017-02-21 01:00:00,0.0
2017-02-21 02:00:00,2017-02-21 02:00:00,0.0
2017-02-21 03:00:00,2017-02-21 03:00:00,0.0
2017-02-21 04:00:00,2017-02-21 04:00:00,0.0
2017-02-21 05:00:00,2017-02-21 05:00:00,0.0
2017-02-21 06:00:00,2017-02-21 06:00:00,0.0
2017-02-21 07:00:00,2017-02-21 07:00:00,0.0
2017-02-21 08:00:00,2017-02-21 08:00:00,0.0
2017-02-21 09:00:00,2017-02-21 09:00:00,0.0
2017-02-21 10:00:00,2017-02-21 10:00:00,30.5672891476
2017-02-21 11:00:00,2017-02-21 11:00:00,27.1802845394
2017-02-21 12:00:00,2017-02-21 12:00:00,38.4140999917
2017-02-21 13:00:00,2017-02-21 13:00:00,45.7462073323
2017-02-21 14:00:00,2017-02-21 14:00:00,49.019184276
2017-02-21 15:00:00,2017-02-21 15:00:00,46.8448832529
2017-02-21 16:00:00,2017-02-21 16:00:00,40.2826710722
2017-02-21 17:00:00,2017-02-21 17:00:00,30.1394226487
2017-02-21 18:00:00,2017-02-21 18:00:00,24.1873830683
2017-02-21 19:00:00,2017-02-21 19:00:00,0.0
2017-02-21 20:00:00,2017-02-21 20:00:00,0.0
2017-02-21 21:00:00,2017-02-21 21:00:00,0.0
2017-02-21 22:00:00,2017-02-21 22:00:00,0.0
2017-02-21 23:00:00,2017-02-21 23:00:00,0.0
2017-02-22 00:00:00,2017-02-22 00:00:00,0.0
2017-02-22 01:00:00,2017-02-22 01:00:00,0.0
2017-02-22 02:00:00,2017-02-22 02:00:00,0.0
2017-02-22 03:00:00,2017-02-22 03:00:00,0.0
2017-02-22 04:00:00,2017-02-22 04:00:00,0.0
2017-02-22 05:00:00,2017-02-22 05:00:00,0.0
2017-02-22 06:00:00,2017-02-22 06:00:00,0.0
2017-02-22 07:00:00,2017-02-22 07:00:00,0.0
2017-02-22 08:00:00,2017-02-22 08:00:00,0.0
2017-02-22 09:00:00,2017-02-22 09:00:00,0.0
2017-02-22 10:00:00,2017-02-22 10:00:00,27.5101441487
2017-02-22 11:00:00,2017-02-22 11:00:00,27.9436536806
2017-02-22 12:00:00,2017-02-22 12:00:00,38.9157706062
2017-02-22 13:00:00,2017-02-22 13:00:00,46.0982227243
2017-02-22 14:00:00,2017-02-22 14:00:00,49.2905444863
2017-02-22 15:00:00,2017-02-22 15:00:00,47.1540550336
2017-02-22 16:00:00,2017-02-22 16:00:00,40.7146948692
2017-02-22 17:00:00,2017-02-22 17:00:00,30.7773670984
2017-02-22 18:00:00,2017-02-22 18:00:00,25.1734316687
2017-02-22 19:00:00,2017-02-22 19:00:00,0.0
2017-02-22 20:00:00,2017-02-22 20:00:00,0.0
2017-02-22 21:00:00,2017-02-22 21:00:00,0.0
2017-02-22 22:00:00,2017-02-22 22:00:00,0.0
2017-02-22 23:00:00,2017-02-22 23:00:00,0.0
2017-02-23 00:00:00,2017-02-23 00:00:00,0.0
2017-02-23 01:00:00,2017-02-23 01:00:00,0.0
2017-02-23 02:00:00,2017-02-23 02:00:00,0.0
2017-02-23 03:00:00,2017-02-23 03:00:00,0.0
2017-02-23 04:00:00,2017-02-23 04:00:00,0.0
2017-02-23 05:00:00,2017-02-23 05:00:00,0.0
2017-02-23 06:00:00,2017-02-23 06:00:00,0.0
2017-02-23 07:00:00,2017-02-23 07:00:00,0.0
2017-02-23 08:00:00,2017-02-23 08:00:00,0.0
2017-02-23 09:00:00,2017-02-23 09:00:00,0.0
2017-02-23 10:00:00,2017-02-23 10:00:00,28.6427236859
2017-02-23 11:00:00,2017-02-23 11:00:00,28.697873043
2017-02-23 12:00:00,2017-02-23 12:00:00,39.4139637692
2017-02-23 13:00:00,2017-02-23 13:00:00,46.4486406417
2017-02-23 14:00:00,2017-02-23 14:00:00,49.5613261664
2017-02-23 15:00:00,2017-02-23 15:00:00,47.4612061889
2017-02-23 16:00:00,2017-02-23 16:00:00,41.1422987665
2017-02-23 17:00:00,2017-02-23 17:00:00,31.4065417867
2017-02-23 18:00:00,2017-02-23 18:00:00,23.0979139519
2017-02-23 19:00:00,2017-02-23 19:00:00,0.0
2017-02-23 20:00:00,2017-02-23 20:00:00,0.0
2017-02-23 21:00:00,2017-02-23 21:00:00,0.0
2017-02-23 22:00:00,2017-02-23 22:00:00,0.0
2017-02-23 23:00:00,2017-02-23 23:00:00,0.0
2017-02-24 00:00:00,2017-02-24 00:00:00,0.0
2017-02-24 01:00:00,2017-02-24 01:00:00,0.0
2017-02-24 02:00:00,2017-02-24 02:00:00,0.0
2017-02-24 03:00:00,2017-02-24 03:00:00,0.0
2017-02-24 04:00:00,2017-02-24 04:00:00,0.0
2017-02-24 05:00:00,2017-02-24 05:00:00,0.0
2017-02-24 06:00:00,2017-02-24 06:00:00,0.0
2017-02-24 07:00:00,2017-02-24 07:00:00,0.0
2017-02-24 08:00:00,2017-02-24 08:00:00,0.0
2017-02-24 09:00:00,2017-02-24 09:00:00,0.0
2017-02-24 10:00:00,2017-02-24 10:00:00,29.752401661
2017-02-24 11:00:00,2017-02-24 11:00:00,29.4429709499
2017-02-24 12:00:00,2017-02-24 12:00:00,39.9085628555
2017-02-24 13:00:00,2017-02-24 13:00:00,46.7973690658
2017-02-24 14:00:00,2017-02-24 14:00:00,49.8314737981
2017-02-24 15:00:00,2017-02-24 15:00:00,47.7663577798
2017-02-24 16:00:00,2017-02-24 16:00:00,41.5655532284
2017-02-24 17:00:00,2017-02-24 17:00:00,32.0271848166
2017-02-24 18:00:00,2017-02-24 18:00:00,24.0828212252
2017-02-24 19:00:00,2017-02-24 19:00:00,0.0
2017-02-24 20:00:00,2017-02-24 20:00:00,0.0
2017-02-24 21:00:00,2017-02-24 21:00:00,0.0
2017-02-24 22:00:00,2017-02-24 22:00:00,0.0
2017-02-24 23:00:00,2017-02-24 23:00:00,0.0
2017-02-25 00:00:00,2017-02-25 00:00:00,0.0
2017-02-25 01:00:00,2017-02-25 01:00:00,0.0
2017-02-25 02:00:00,2017-02-25 02:00:00,0.0
2017-02-25 03:00:00,2017-02-25 03:00:00,0.0
2017-02-25 04:00:00,2017-02-25 04:00:00,0.0
2017-02-25 05:00:00,2017-02-25 05:00:00,0.0
2017-02-25 06:00:00,2017-02-25 06:00:00,0.0
2017-02-25 07:00:00,2017-02-25 07:00:00,0.0
2017-02-25 08:00:00,2017-02-25 08:00:00,0.0
2017-02-25 09:00:00,2017-02-25 09:00:00,0.0
2017-02-25 10:00:00,2017-02-25 10:00:00,27.2075265915
2017-02-25 11:00:00,2017-02-25 11:00:00,30.178985376
2017-02-25 12:00:00,2017-02-25 12:00:00,40.3994629892
2017-02-25 13:00:00,2017-02-25 13:00:00,47.1443238619
2017-02-25 14:00:00,2017-02-25 14:00:00,50.1009354485
2017-02-25 15:00:00,2017-02-25 15:00:00,48.0695313384
2017-02-25 16:00:00,2017-02-25 16:00:00,41.9845301419
2017-02-25 17:00:00,2017-02-25 17:00:00,32.6395280422
2017-02-25 18:00:00,2017-02-25 18:00:00,25.0465392825
2017-02-25 19:00:00,2017-02-25 19:00:00,0.0
2017-02-25 20:00:00,2017-02-25 20:00:00,0.0
2017-02-25 21:00:00,2017-02-25 21:00:00,0.0
2017-02-25 22:00:00,2017-02-25 22:00:00,0.0
2017-02-25 23:00:00,2017-02-25 23:00:00,0.0
2017-02-26 00:00:00,2017-02-26 00:00:00,0.0
2017-02-26 01:00:00,2017-02-26 01:00:00,0.0
2017-02-26 02:00:00,2017-02-26 02:00:00,0.0
2017-02-26 03:00:00,2017-02-26 03:00:00,0.0
2017-02-26 04:00:00,2017-02-26 04:00:00,0.0
2017-02-26 05:00:00,2017-02-26 05:00:00,0.0
2017-02-26 06:00:00,2017-02-26 06:00:00,0.0
2017-02-26 07:00:00,2017-02-26 07:00:00,0.0
2017-02-26 08:00:00,2017-02-26 08:00:00,0.0
2017-02-26 09:00:00,2017-02-26 09:00:00,0.0
2017-02-26 10:00:00,2017-02-26 10:00:00,28.3173869684
2017-02-26 11:00:00,2017-02-26 11:00:00,30.9059624453
2017-02-26 12:00:00,2017-02-26 12:00:00,40.8865700446
2017-02-26 13:00:00,2017-02-26 13:00:00,47.4894281746
2017-02-26 14:00:00,2017-02-26 14:00:00,50.3696626977
2017-02-26 15:00:00,2017-02-26 15:00:00,48.3707491902
2017-02-26 16:00:00,2017-02-26 16:00:00,42.399303242
2017-02-26 17:00:00,2017-02-26 17:00:00,33.2437983961
2017-02-26 18:00:00,2017-02-26 18:00:00,23.2016700439
2017-02-26 19:00:00,2017-02-26 19:00:00,0.0
2017-02-26 20:00:00,2017-02-26 20:00:00,0.0
2017-02-26 21:00:00,2017-02-26 21:00:00,0.0
2017-02-26 22:00:00,2017-02-26 22:00:00,0.0
2017-02-26 23:00:00,2017-02-26 23:00:00,0.0
2017-02-27 00:00:00,2017-02-27 00:00:00,0.0
2017-02-27 01:00:00,2017-02-27 01:00:00,0.0
2017-02-27 02:00:00,2017-02-27 02:00:00,0.0
2017-02-27 03:00:00,2017-02-27 03:00:00,0.0
2017-02-27 04:00:00,2017-02-27 04:00:00,0.0
2017-02-27 05:00:00,2017-02-27 05:00:00,0.0
2017-02-27 06:00:00,2017-02-27 06:00:00,0.0
2017-02-27 07:00:00,2017-02-27 07:00:00,0.0
2017-02-27 08:00:00,2017-02-27 08:00:00,0.0
2017-02-27 09:00:00,2017-02-27 09:00:00,0.0
2017-02-27 10:00:00,2017-02-27 10:00:00,26.1343979387
2017-02-27 11:00:00,2017-02-27 11:00:00,31.6239548722
2017-02-27 12:00:00,2017-02-27 12:00:00,41.3697995686
2017-02-27 13:00:00,2017-02-27 13:00:00,47.8326117841
2017-02-27 14:00:00,2017-02-27 14:00:00,50.6376106033
2017-02-27 15:00:00,2017-02-27 15:00:00,48.670034913
2017-02-27 16:00:00,2017-02-27 16:00:00,42.8099487473
2017-02-27 17:00:00,2017-02-27 17:00:00,33.8402194146
2017-02-27 18:00:00,2017-02-27 18:00:00,24.165442659
2017-02-27 19:00:00,2017-02-27 19:00:00,0.0
2017-02-27 20:00:00,2017-02-27 20:00:00,0.0
2017-02-27 21:00:00,2017-02-27 21:00:00,0.0
2017-02-27 22:00:00,2017-02-27 22:00:00,0.0
2017-02-27 23:00:00,2017-02-27 23:00:00,0.0
2017-02-28 00:00:00,2017-02-28 00:00:00,0.0
2017-02-28 01:00:00,2017-02-28 01:00:00,0.0
2017-02-28 02:00:00,2017-02-28 02:00:00,0.0
2017-02-28 03:00:00,2017-02-28 03:00:00,0.0
2017-02-28 04:00:00,2017-02-28 04:00:00,0.0
2017-02-28 05:00:00,2017-02-28 05:00:00,0.0
2017-02-28 06:00:00,2017-02-28 06:00:00,0.0
2017-02-28 07:00:00,2017-02-28 07:00:00,0.0
2017-02-28 08:00:00,2017-02-28 08:00:00,0.0
2017-02-28 09:00:00,2017-02-28 09:00:00,0.0
2017-02-28 10:00:00,2017-02-28 10:00:00,27.2438110873
2017-02-28 11:00:00,2017-02-28 11:00:00,32.3330204948
2017-02-28 12:00:00,2017-02-28 12:00:00,41.8490757192
2017-02-28 13:00:00,2017-02-28 13:00:00,48.1738104681
2017-02-28 14:00:00,2017-02-28 14:00:00,50.9047376083
2017-02-28 15:00:00,2017-02-28 15:00:00,48.9674136315
2017-02-28 16:00:00,2017-02-28 16:00:00,43.2165457203
2017-02-28 17:00:00,2017-02-28 17:00:00,34.4290122623
2017-02-28 18:00:00,2017-02-28 18:00:00,25.1091135771
2017-02-28 19:00:00,2017-02-28 19:00:00,0.0
2017-02-28 20:00:00,2017-02-28 20:00:00,0.0
2017-02-28 21:00:00,2017-02-28 21:00:00,0.0
2017-02-28 22:00:00,2017-02-28 22:00:00,0.0
2017-02-28 23:00:00,2017-02-28 23:00:00,0.0
2017-03-01 00:00:00,2017-03-01 00:00:00,0.0
2017-03-01 01:00:00,2017-03-01 01:00:00,0.0
2017-03-01 02:00:00,2017-03-01 02:00:00,0.0
2017-03-01 03:00:00,2017-03-01 03:00:00,0.0
2017-03-01 04:00:00,2017-03-01 04:00:00,0.0
2017-03-01 05:00:00,2017-03-01 05:00:00,0.0
2017-03-01 06:00:00,2017-03-01 06:00:00,0.0
2017-03-01 07:00:00,2017-03-01 07:00:00,0.0
2017-03-01 08:00:00,2017-03-01 08:00:00,0.0
2017-03-01 09:00:00,2017-03-01 09:00:00,0.0
2017-03-01 10:00:00,2017-03-01 10:00:00,25.3418545257
2017-03-01 11:00:00,2017-03-01 11:00:00,33.0331192533
2017-03-01 12:00:00,2017-03-01 12:00:00,42.3242625498
2017-03-01 13:00:00,2017-03-01 13:00:00,48.5129239174
2017-03-01 14:00:00,2017-03-01 14:00:00,51.1710017519
2017-03-01 15:00:00,2017-03-01 15:00:00,49.2629480823
2017-03-01 16:00:00,2017-03-01 16:00:00,43.6192392977
2017-03-01 17:00:00,2017-03-01 17:00:00,35.0104893699
2017-03-01 18:00:00,2017-03-01 18:00:00,23.4586733693
2017-03-01 19:00:00,2017-03-01 19:00:00,0.0
2017-03-01 20:00:00,2017-03-01 20:00:00,0.0
2017-03-01 21:00:00,2017-03-01 21:00:00,0.0
2017-03-01 22:00:00,2017-03-01 22:00:00,0.0
2017-03-01 23:00:00,2017-03-01 23:00:00,0.0
2017-03-02 00:00:00,2017-03-02 00:00:00,0.0
2017-03-02 01:00:00,2017-03-02 01:00:00,0.0
2017-03-02 02:00:00,2017-03-02 02:00:00,0.0
2017-03-02 03:00:00,2017-03-02 03:00:00,0.0
2017-03-02 04:00:00,2017-03-02 04:00:00,0.0
2017-03-02 05:00:00,2017-03-02 05:00:00,0.0
2017-03-02 06:00:00,2017-03-02 06:00:00,0.0
2017-03-02 07:00:00,2017-03-02 07:00:00,0.0
2017-03-02 08:00:00,2017-03-02 08:00:00,0.0
2017-03-02 09:00:00,2017-03-02 09:00:00,0.0
2017-03-02 10:00:00,2017-03-02 10:00:00,26.4500320543
2017-03-02 11:00:00,2017-03-02 11:00:00,33.7245229903
2017-03-02 12:00:00,2017-03-02 12:00:00,42.7954363246
2017-03-02 13:00:00,2017-03-02 13:00:00,48.8499825346
2017-03-02 14:00:00,2017-03-02 14:00:00,51.4363749578
2017-03-02 15:00:00,2017-03-02 15:00:00,49.5565928521
2017-03-02 16:00:00,2017-03-02 16:00:00,44.0179846849
2017-03-02 17:00:00,2017-03-02 17:00:00,35.5846770512
2017-03-02 18:00:00,2017-03-02 18:00:00,24.4037377809
2017-03-02 19:00:00,2017-03-02 19:00:00,0.0
2017-03-02 20:00:00,2017-03-02 20:00:00,0.0
2017-03-02 21:00:00,2017-03-02 21:00:00,0.0
2017-03-02 22:00:00,2017-03-02 22:00:00,0.0
2017-03-02 23:00:00,2017-03-02 23:00:00,0.0
2017-03-03 00:00:00,2017-03-03 00:00:00,0.0
2017-03-03 01:00:00,2017-03-03 01:00:00,0.0
2017-03-03 02:00:00,2017-03-03 02:00:00,0.0
2017-03-03 03:00:00,2017-03-03 03:00:00,0.0
2017-03-03 04:00:00,2017-03-03 04:00:00,0.0
2017-03-03 05:00:00,2017-03-03 05:00:00,0.0
2017-03-03 06:00:00,2017-03-03 06:00:00,0.0
2017-03-03 07:00:00,2017-03-03 07:00:00,0.0
2017-03-03 08:00:00,2017-03-03 08:00:00,0.0
2017-03-03 09:00:00,2017-03-03 09:00:00,0.0
2017-03-03 10:00:00,2017-03-03 10:00:00,27.5336660865
2017-03-03 11:00:00,2017-03-03 11:00:00,34.4071955309
2017-03-03 12:00:00,2017-03-03 12:00:00,43.2624738241
2017-03-03 13:00:00,2017-03-03 13:00:00,49.1848950599
2017-03-03 14:00:00,2017-03-03 14:00:00,51.7008206026
2017-03-03 15:00:00,2017-03-03 15:00:00,49.8484128136
2017-03-03 16:00:00,2017-03-03 16:00:00,44.412930743
2017-03-03 17:00:00,2017-03-03 17:00:00,36.1518825742
2017-03-03 18:00:00,2017-03-03 18:00:00,25.3298107611
2017-03-03 19:00:00,2017-03-03 19:00:00,0.0
2017-03-03 20:00:00,2017-03-03 20:00:00,0.0
2017-03-03 21:00:00,2017-03-03 21:00:00,0.0
2017-03-03 22:00:00,2017-03-03 22:00:00,0.0
2017-03-03 23:00:00,2017-03-03 23:00:00,0.0
2017-03-04 00:00:00,2017-03-04 00:00:00,0.0
2017-03-04 01:00:00,2017-03-04 01:00:00,0.0
2017-03-04 02:00:00,2017-03-04 02:00:00,0.0
2017-03-04 03:00:00,2017-03-04 03:00:00,0.0
2017-03-04 04:00:00,2017-03-04 04:00:00,0.0
2017-03-04 05:00:00,2017-03-04 05:00:00,0.0
2017-03-04 06:00:00,2017-03-04 06:00:00,0.0
2017-03-04 07:00:00,2017-03-04 07:00:00,0.0
2017-03-04 08:00:00,2017-03-04 08:00:00,0.0
2017-03-04 09:00:00,2017-03-04 09:00:00,0.0
2017-03-04 10:00:00,2017-03-04 10:00:00,25.8813999076
2017-03-04 11:00:00,2017-03-04 11:00:00,35.0812089302
2017-03-04 12:00:00,2017-03-04 12:00:00,43.7253280967
2017-03-04 13:00:00,2017-03-04 13:00:00,49.5176176503
2017-03-04 14:00:00,2017-03-04 14:00:00,51.9643084203
2017-03-04 15:00:00,2017-03-04 15:00:00,50.1384361675
2017-03-04 16:00:00,2017-03-04 16:00:00,44.8041618405
2017-03-04 17:00:00,2017-03-04 17:00:00,36.7123128564
2017-03-04 18:00:00,2017-03-04 18:00:00,23.8483541338
2017-03-04 19:00:00,2017-03-04 19:00:00,0.0
2017-03-04 20:00:00,2017-03-04 20:00:00,0.0
2017-03-04 21:00:00,2017-03-04 21:00:00,0.0
2017-03-04 22:00:00,2017-03-04 22:00:00,0.0
2017-03-04 23:00:00,2017-03-04 23:00:00,0.0
2017-03-05 00:00:00,2017-03-05 00:00:00,0.0
2017-03-05 01:00:00,2017-03-05 01:00:00,0.0
2017-03-05 02:00:00,2017-03-05 02:00:00,0.0
2017-03-05 03:00:00,2017-03-05 03:00:00,0.0
2017-03-05 04:00:00,2017-03-05 04:00:00,0.0
2017-03-05 05:00:00,2017-03-05 05:00:00,0.0
2017-03-05 06:00:00,2017-03-05 06:00:00,0.0
2017-03-05 07:00:00,2017-03-05 07:00:00,0.0
2017-03-05 08:00:00,2017-03-05 08:00:00,0.0
2017-03-05 09:00:00,2017-03-05 09:00:00,0.0
2017-03-05 10:00:00,2017-03-05 10:00:00,26.9626049527
2017-03-05 11:00:00,2017-03-05 11:00:00,35.746638842
2017-03-05 12:00:00,2017-03-05 12:00:00,44.1839590729
2017-03-05 13:00:00,2017-03-05 13:00:00,49.8481113212
2017-03-05 14:00:00,2017-03-05 14:00:00,52.2268107657
2017-03-05 15:00:00,2017-03-05 15:00:00,50.4266914428
2017-03-05 16:00:00,2017-03-05 16:00:00,45.191762693
2017-03-05 17:00:00,2017-03-05 17:00:00,37.2661708396
2017-03-05 18:00:00,2017-03-05 18:00:00,24.7773202506
2017-03-05 19:00:00,2017-03-05 19:00:00,0.0
2017-03-05 20:00:00,2017-03-05 20:00:00,0.0
2017-03-05 21:00:00,2017-03-05 21:00:00,0.0
2017-03-05 22:00:00,2017-03-05 22:00:00,0.0
2017-03-05 23:00:00,2017-03-05 23:00:00,0.0
2017-03-06 00:00:00,2017-03-06 00:00:00,0.0
2017-03-06 01:00:00,2017-03-06 01:00:00,0.0
2017-03-06 02:00:00,2017-03-06 02:00:00,0.0
2017-03-06 03:00:00,2017-03-06 03:00:00,0.0
2017-03-06 04:00:00,2017-03-06 04:00:00,0.0
2017-03-06 05:00:00,2017-03-06 05:00:00,0.0
2017-03-06 06:00:00,2017-03-06 06:00:00,0.0
2017-03-06 07:00:00,2017-03-06 07:00:00,0.0
2017-03-06 08:00:00,2017-03-06 08:00:00,0.0
2017-03-06 09:00:00,2017-03-06 09:00:00,0.0
2017-03-06 10:00:00,2017-03-06 10:00:00,25.4992091626
2017-03-06 11:00:00,2017-03-06 11:00:00,36.4035644684
2017-03-06 12:00:00,2017-03-06 12:00:00,44.6383333867
2017-03-06 13:00:00,2017-03-06 13:00:00,50.1763418782
2017-03-06 14:00:00,2017-03-06 14:00:00,52.4883028247
2017-03-06 15:00:00,2017-03-06 15:00:00,50.7132080323
2017-03-06 16:00:00,2017-03-06 16:00:00,45.5758190785
2017-03-06 17:00:00,2017-03-06 17:00:00,37.8136568577
2017-03-06 18:00:00,2017-03-06 18:00:00,25.6884045474
2017-03-06 19:00:00,2017-03-06 19:00:00,0.0
2017-03-06 20:00:00,2017-03-06 20:00:00,0.0
2017-03-06 21:00:00,2017-03-06 21:00:00,0.0
2017-03-06 22:00:00,2017-03-06 22:00:00,0.0
2017-03-06 23:00:00,2017-03-06 23:00:00,0.0
2017-03-07 00:00:00,2017-03-07 00:00:00,0.0
2017-03-07 01:00:00,2017-03-07 01:00:00,0.0
2017-03-07 02:00:00,2017-03-07 02:00:00,0.0
2017-03-07 03:00:00,2017-03-07 03:00:00,0.0
2017-03-07 04:00:00,2017-03-07 04:00:00,0.0
2017-03-07 05:00:00,2017-03-07 05:00:00,0.0
2017-03-07 06:00:00,2017-03-07 06:00:00,0.0
2017-03-07 07:00:00,2017-03-07 07:00:00,0.0
2017-03-07 08:00:00,2017-03-07 08:00:00,0.0
2017-03-07 09:00:00,2017-03-07 09:00:00,0.0
2017-03-07 10:00:00,2017-03-07 10:00:00,26.5774733812
2017-03-07 11:00:00,2017-03-07 11:00:00,37.0520683301
2017-03-07 12:00:00,2017-03-07 12:00:00,45.0884240701
2017-03-07 13:00:00,2017-03-07 13:00:00,50.5022797895
2017-03-07 14:00:00,2017-03-07 14:00:00,52.7487628605
2017-03-07 15:00:00,2017-03-07 15:00:00,50.9980168558
2017-03-07 16:00:00,2017-03-07 16:00:00,45.9564187487
2017-03-07 17:00:00,2017-03-07 17:00:00,38.3549702103
2017-03-07 18:00:00,2017-03-07 18:00:00,26.582628834
2017-03-07 19:00:00,2017-03-07 19:00:00,60.1106731242
2017-03-07 20:00:00,2017-03-07 20:00:00,0.0
2017-03-07 21:00:00,2017-03-07 21:00:00,0.0
2017-03-07 22:00:00,2017-03-07 22:00:00,0.0
2017-03-07 23:00:00,2017-03-07 23:00:00,0.0
2017-03-08 00:00:00,2017-03-08 00:00:00,0.0
2017-03-08 01:00:00,2017-03-08 01:00:00,0.0
2017-03-08 02:00:00,2017-03-08 02:00:00,0.0
2017-03-08 03:00:00,2017-03-08 03:00:00,0.0
2017-03-08 04:00:00,2017-03-08 04:00:00,0.0
2017-03-08 05:00:00,2017-03-08 05:00:00,0.0
2017-03-08 06:00:00,2017-03-08 06:00:00,0.0
2017-03-08 07:00:00,2017-03-08 07:00:00,0.0
2017-03-08 08:00:00,2017-03-08 08:00:00,0.0
2017-03-08 09:00:00,2017-03-08 09:00:00,0.0
2017-03-08 10:00:00,2017-03-08 10:00:00,25.2757901786
2017-03-08 11:00:00,2017-03-08 11:00:00,37.692235939
2017-03-08 12:00:00,2017-03-08 12:00:00,45.5342101721
2017-03-08 13:00:00,2017-03-08 13:00:00,50.8259000033
2017-03-08 14:00:00,2017-03-08 14:00:00,53.0081723903
2017-03-08 15:00:00,2017-03-08 15:00:00,51.2811508908
2017-03-08 16:00:00,2017-03-08 16:00:00,46.3336521211
2017-03-08 17:00:00,2017-03-08 17:00:00,38.8903103471
2017-03-08 18:00:00,2017-03-08 18:00:00,27.4609512968
2017-03-08 19:00:00,2017-03-08 19:00:00,61.2962723045
2017-03-08 20:00:00,2017-03-08 20:00:00,0.0
2017-03-08 21:00:00,2017-03-08 21:00:00,0.0
2017-03-08 22:00:00,2017-03-08 22:00:00,0.0
2017-03-08 23:00:00,2017-03-08 23:00:00,0.0
2017-03-09 00:00:00,2017-03-09 00:00:00,0.0
2017-03-09 01:00:00,2017-03-09 01:00:00,0.0
2017-03-09 02:00:00,2017-03-09 02:00:00,0.0
2017-03-09 03:00:00,2017-03-09 03:00:00,0.0
2017-03-09 04:00:00,2017-03-09 04:00:00,0.0
2017-03-09 05:00:00,2017-03-09 05:00:00,0.0
2017-03-09 06:00:00,2017-03-09 06:00:00,0.0
2017-03-09 07:00:00,2017-03-09 07:00:00,0.0
2017-03-09 08:00:00,2017-03-09 08:00:00,0.0
2017-03-09 09:00:00,2017-03-09 09:00:00,0.0
2017-03-09 10:00:00,2017-03-09 10:00:00,26.350642079
2017-03-09 11:00:00,2017-03-09 11:00:00,38.3241554425
2017-03-09 12:00:00,2017-03-09 12:00:00,45.9756763489
2017-03-09 13:00:00,2017-03-09 13:00:00,51.1471817218
2017-03-09 14:00:00,2017-03-09 14:00:00,53.2665162135
2017-03-09 15:00:00,2017-03-09 15:00:00,51.5626453849
2017-03-09 16:00:00,2017-03-09 16:00:00,46.7076124836
2017-03-09 17:00:00,2017-03-09 17:00:00,39.4198773061
2017-03-09 18:00:00,2017-03-09 18:00:00,28.3242740264
2017-03-09 19:00:00,2017-03-09 19:00:00,62.4572186769
2017-03-09 20:00:00,2017-03-09 20:00:00,0.0
2017-03-09 21:00:00,2017-03-09 21:00:00,0.0
2017-03-09 22:00:00,2017-03-09 22:00:00,0.0
2017-03-09 23:00:00,2017-03-09 23:00:00,0.0
2017-03-10 00:00:00,2017-03-10 00:00:00,0.0
2017-03-10 01:00:00,2017-03-10 01:00:00,0.0
2017-03-10 02:00:00,2017-03-10 02:00:00,0.0
2017-03-10 03:00:00,2017-03-10 03:00:00,0.0
2017-03-10 04:00:00,2017-03-10 04:00:00,0.0
2017-03-10 05:00:00,2017-03-10 05:00:00,0.0
2017-03-10 06:00:00,2017-03-10 06:00:00,0.0
2017-03-10 07:00:00,2017-03-10 07:00:00,0.0
2017-03-10 08:00:00,2017-03-10 08:00:00,0.0
2017-03-10 09:00:00,2017-03-10 09:00:00,0.0
2017-03-10 10:00:00,2017-03-10 10:00:00,27.4000849292
2017-03-10 11:00:00,2017-03-10 11:00:00,38.9479172817
2017-03-10 12:00:00,2017-03-10 12:00:00,46.4128124579
2017-03-10 13:00:00,2017-03-10 13:00:00,51.4661081372
2017-03-10 14:00:00,2017-03-10 14:00:00,53.5237822599
2017-03-10 15:00:00,2017-03-10 15:00:00,51.8425376735
2017-03-10 16:00:00,2017-03-10 16:00:00,47.078395599
2017-03-10 17:00:00,2017-03-10 17:00:00,39.9438712676
2017-03-10 18:00:00,2017-03-10 18:00:00,29.1734481437
2017-03-10 19:00:00,2017-03-10 19:00:00,50.910400529
2017-03-10 20:00:00,2017-03-10 20:00:00,0.0
2017-03-10 21:00:00,2017-03-10 21:00:00,0.0
2017-03-10 22:00:00,2017-03-10 22:00:00,0.0
2017-03-10 23:00:00,2017-03-10 23:00:00,0.0
2017-03-11 00:00:00,2017-03-11 00:00:00,0.0
2017-03-11 01:00:00,2017-03-11 01:00:00,0.0
2017-03-11 02:00:00,2017-03-11 02:00:00,0.0
2017-03-11 03:00:00,2017-03-11 03:00:00,0.0
2017-03-11 04:00:00,2017-03-11 04:00:00,0.0
2017-03-11 05:00:00,2017-03-11 05:00:00,0.0
2017-03-11 06:00:00,2017-03-11 06:00:00,0.0
2017-03-11 07:00:00,2017-03-11 07:00:00,0.0
2017-03-11 08:00:00,2017-03-11 08:00:00,0.0
2017-03-11 09:00:00,2017-03-11 09:00:00,62.4521312427
2017-03-11 10:00:00,2017-03-11 10:00:00,28.4253594485
2017-03-11 11:00:00,2017-03-11 11:00:00,39.5636139039
2017-03-11 12:00:00,2017-03-11 12:00:00,46.8456131892
2017-03-11 13:00:00,2017-03-11 13:00:00,51.7826661442
2017-03-11 14:00:00,2017-03-11 14:00:00,53.7799612512
2017-03-11 15:00:00,2017-03-11 15:00:00,52.1208665976
2017-03-11 16:00:00,2017-03-11 16:00:00,47.4460987096
2017-03-11 17:00:00,2017-03-11 17:00:00,40.4624912494
2017-03-11 18:00:00,2017-03-11 18:00:00,30.0092768106
2017-03-11 19:00:00,2017-03-11 19:00:00,52.0678196262
2017-03-11 20:00:00,2017-03-11 20:00:00,0.0
2017-03-11 21:00:00,2017-03-11 21:00:00,0.0
2017-03-11 22:00:00,2017-03-11 22:00:00,0.0
2017-03-11 23:00:00,2017-03-11 23:00:00,0.0
2017-03-12 00:00:00,2017-03-12 00:00:00,0.0
2017-03-12 01:00:00,2017-03-12 01:00:00,0.0
2017-03-12 02:00:00,2017-03-12 02:00:00,0.0
2017-03-12 03:00:00,2017-03-12 03:00:00,0.0
2017-03-12 04:00:00,2017-03-12 04:00:00,0.0
2017-03-12 05:00:00,2017-03-12 05:00:00,0.0
2017-03-12 06:00:00,2017-03-12 06:00:00,0.0
2017-03-12 07:00:00,2017-03-12 07:00:00,0.0
2017-03-12 08:00:00,2017-03-12 08:00:00,0.0
2017-03-12 09:00:00,2017-03-12 09:00:00,63.8173885902
2017-03-12 10:00:00,2017-03-12 10:00:00,29.427605522
2017-03-12 11:00:00,2017-03-12 11:00:00,40.1713395652
2017-03-12 12:00:00,2017-03-12 12:00:00,47.2740777653
2017-03-12 13:00:00,2017-03-12 13:00:00,52.0968460517
2017-03-12 14:00:00,2017-03-12 14:00:00,54.0350462093
2017-03-12 15:00:00,2017-03-12 15:00:00,52.3976715848
2017-03-12 16:00:00,2017-03-12 16:00:00,47.8108190492
2017-03-12 17:00:00,2017-03-12 17:00:00,40.9759331253
2017-03-12 18:00:00,2017-03-12 18:00:00,30.8325166189
2017-03-12 19:00:00,2017-03-12 19:00:00,53.2035784683
2017-03-12 20:00:00,2017-03-12 20:00:00,0.0
2017-03-12 21:00:00,2017-03-12 21:00:00,0.0
2017-03-12 22:00:00,2017-03-12 22:00:00,0.0
2017-03-12 23:00:00,2017-03-12 23:00:00,0.0
2017-03-13 00:00:00,2017-03-13 00:00:00,0.0
2017-03-13 01:00:00,2017-03-13 01:00:00,0.0
2017-03-13 02:00:00,2017-03-13 02:00:00,0.0
2017-03-13 03:00:00,2017-03-13 03:00:00,0.0
2017-03-13 04:00:00,2017-03-13 04:00:00,0.0
2017-03-13 05:00:00,2017-03-13 05:00:00,0.0
2017-03-13 06:00:00,2017-03-13 06:00:00,0.0
2017-03-13 07:00:00,2017-03-13 07:00:00,0.0
2017-03-13 08:00:00,2017-03-13 08:00:00,0.0
2017-03-13 09:00:00,2017-03-13 09:00:00,52.5018950844
2017-03-13 10:00:00,2017-03-13 10:00:00,30.4078743855
2017-03-13 11:00:00,2017-03-13 11:00:00,40.7711902326
2017-03-13 12:00:00,2017-03-13 12:00:00,47.6982097228
2017-03-13 13:00:00,2017-03-13 13:00:00,52.4086413112
2017-03-13 14:00:00,2017-03-13 14:00:00,54.2890318775
2017-03-13 15:00:00,2017-03-13 15:00:00,52.6729915488
2017-03-13 16:00:00,2017-03-13 16:00:00,48.1726521075
2017-03-13 17:00:00,2017-03-13 17:00:00,41.4843873329
2017-03-13 18:00:00,2017-03-13 18:00:00,31.6438781174
2017-03-13 19:00:00,2017-03-13 19:00:00,46.5940183591
2017-03-13 20:00:00,2017-03-13 20:00:00,0.0
2017-03-13 21:00:00,2017-03-13 21:00:00,0.0
2017-03-13 22:00:00,2017-03-13 22:00:00,0.0
2017-03-13 23:00:00,2017-03-13 23:00:00,0.0
2017-03-14 00:00:00,2017-03-14 00:00:00,0.0
2017-03-14 01:00:00,2017-03-14 01:00:00,0.0
2017-03-14 02:00:00,2017-03-14 02:00:00,0.0
2017-03-14 03:00:00,2017-03-14 03:00:00,0.0
2017-03-14 04:00:00,2017-03-14 04:00:00,0.0
2017-03-14 05:00:00,2017-03-14 05:00:00,0.0
2017-03-14 06:00:00,2017-03-14 06:00:00,0.0
2017-03-14 07:00:00,2017-03-14 07:00:00,0.0
2017-03-14 08:00:00,2017-03-14 08:00:00,0.0
2017-03-14 09:00:00,2017-03-14 09:00:00,53.843571152
2017-03-14 10:00:00,2017-03-14 10:00:00,31.3671390653
2017-03-14 11:00:00,2017-03-14 11:00:00,41.3632635467
2017-03-14 12:00:00,2017-03-14 12:00:00,48.1180167474
2017-03-14 13:00:00,2017-03-14 13:00:00,52.7180482685
2017-03-14 14:00:00,2017-03-14 14:00:00,54.5419141563
2017-03-14 15:00:00,2017-03-14 15:00:00,52.9468638421
2017-03-14 16:00:00,2017-03-14 16:00:00,48.5316900124
2017-03-14 17:00:00,2017-03-14 17:00:00,41.9880367947
2017-03-14 18:00:00,2017-03-14 18:00:00,32.4440264029
2017-03-14 19:00:00,2017-03-14 19:00:00,47.7320694944
2017-03-14 20:00:00,2017-03-14 20:00:00,0.0
2017-03-14 21:00:00,2017-03-14 21:00:00,0.0
2017-03-14 22:00:00,2017-03-14 22:00:00,0.0
2017-03-14 23:00:00,2017-03-14 23:00:00,0.0
2017-03-15 00:00:00,2017-03-15 00:00:00,0.0
2017-03-15 01:00:00,2017-03-15 01:00:00,0.0
2017-03-15 02:00:00,2017-03-15 02:00:00,0.0
2017-03-15 03:00:00,2017-03-15 03:00:00,0.0
2017-03-15 04:00:00,2017-03-15 04:00:00,0.0
2017-03-15 05:00:00,2017-03-15 05:00:00,0.0
2017-03-15 06:00:00,2017-03-15 06:00:00,0.0
2017-03-15 07:00:00,2017-03-15 07:00:00,0.0
2017-03-15 08:00:00,2017-03-15 08:00:00,0.0
2017-03-15 09:00:00,2017-03-15 09:00:00,47.4440250716
2017-03-15 10:00:00,2017-03-15 10:00:00,32.3063032489
2017-03-15 11:00:00,2017-03-15 11:00:00,41.9476587658
2017-03-15 12:00:00,2017-03-15 12:00:00,48.533510507
2017-03-15 13:00:00,2017-03-15 13:00:00,53.0250659319
2017-03-15 14:00:00,2017-03-15 14:00:00,54.7936896505
2017-03-15 15:00:00,2017-03-15 15:00:00,53.2193234894
2017-03-15 16:00:00,2017-03-15 16:00:00,48.8880203726
2017-03-15 17:00:00,2017-03-15 17:00:00,42.4870555256
2017-03-15 18:00:00,2017-03-15 18:00:00,33.2335825392
2017-03-15 19:00:00,2017-03-15 19:00:00,48.8511432713
2017-03-15 20:00:00,2017-03-15 20:00:00,0.0
2017-03-15 21:00:00,2017-03-15 21:00:00,0.0
2017-03-15 22:00:00,2017-03-15 22:00:00,0.0
2017-03-15 23:00:00,2017-03-15 23:00:00,0.0
2017-03-16 00:00:00,2017-03-16 00:00:00,0.0
2017-03-16 01:00:00,2017-03-16 01:00:00,0.0
2017-03-16 02:00:00,2017-03-16 02:00:00,0.0
2017-03-16 03:00:00,2017-03-16 03:00:00,0.0
2017-03-16 04:00:00,2017-03-16 04:00:00,0.0
2017-03-16 05:00:00,2017-03-16 05:00:00,0.0
2017-03-16 06:00:00,2017-03-16 06:00:00,0.0
2017-03-16 07:00:00,2017-03-16 07:00:00,0.0
2017-03-16 08:00:00,2017-03-16 08:00:00,0.0
2017-03-16 09:00:00,2017-03-16 09:00:00,48.7650965242
2017-03-16 10:00:00,2017-03-16 10:00:00,33.2262087681
2017-03-16 11:00:00,2017-03-16 11:00:00,42.5244766458
2017-03-16 12:00:00,2017-03-16 12:00:00,48.9447064479
2017-03-16 13:00:00,2017-03-16 13:00:00,53.3296957504
2017-03-16 14:00:00,2017-03-16 14:00:00,55.0443553812
2017-03-16 15:00:00,2017-03-16 15:00:00,53.4904028144
2017-03-16 16:00:00,2017-03-16 16:00:00,49.2417257383
2017-03-16 17:00:00,2017-03-16 17:00:00,42.981608114
2017-03-16 18:00:00,2017-03-16 18:00:00,34.0131260523
2017-03-16 19:00:00,2017-03-16 19:00:00,44.3029684522
2017-03-16 20:00:00,2017-03-16 20:00:00,0.0
2017-03-16 21:00:00,2017-03-16 21:00:00,0.0
2017-03-16 22:00:00,2017-03-16 22:00:00,0.0
2017-03-16 23:00:00,2017-03-16 23:00:00,0.0
2017-03-17 00:00:00,2017-03-17 00:00:00,0.0
2017-03-17 01:00:00,2017-03-17 01:00:00,0.0
2017-03-17 02:00:00,2017-03-17 02:00:00,0.0
2017-03-17 03:00:00,2017-03-17 03:00:00,0.0
2017-03-17 04:00:00,2017-03-17 04:00:00,0.0
2017-03-17 05:00:00,2017-03-17 05:00:00,0.0
2017-03-17 06:00:00,2017-03-17 06:00:00,0.0
2017-03-17 07:00:00,2017-03-17 07:00:00,0.0
2017-03-17 08:00:00,2017-03-17 08:00:00,0.0
2017-03-17 09:00:00,2017-03-17 09:00:00,44.3975430174
2017-03-17 10:00:00,2017-03-17 10:00:00,34.1276419313
2017-03-17 11:00:00,2017-03-17 11:00:00,43.0938192474
2017-03-17 12:00:00,2017-03-17 12:00:00,49.3516235408
2017-03-17 13:00:00,2017-03-17 13:00:00,53.6319414004
2017-03-17 14:00:00,2017-03-17 14:00:00,55.2939086461
2017-03-17 15:00:00,2017-03-17 15:00:00,53.7601314062
2017-03-17 16:00:00,2017-03-17 16:00:00,49.5928835817
2017-03-17 17:00:00,2017-03-17 17:00:00,43.4718499113
2017-03-17 18:00:00,2017-03-17 18:00:00,34.7831981852
2017-03-17 19:00:00,2017-03-17 19:00:00,45.4299693465
2017-03-17 20:00:00,2017-03-17 20:00:00,0.0
2017-03-17 21:00:00,2017-03-17 21:00:00,0.0
2017-03-17 22:00:00,2017-03-17 22:00:00,0.0
2017-03-17 23:00:00,2017-03-17 23:00:00,0.0
2017-03-18 00:00:00,2017-03-18 00:00:00,0.0
2017-03-18 01:00:00,2017-03-18 01:00:00,0.0
2017-03-18 02:00:00,2017-03-18 02:00:00,0.0
2017-03-18 03:00:00,2017-03-18 03:00:00,0.0
2017-03-18 04:00:00,2017-03-18 04:00:00,0.0
2017-03-18 05:00:00,2017-03-18 05:00:00,0.0
2017-03-18 06:00:00,2017-03-18 06:00:00,0.0
2017-03-18 07:00:00,2017-03-18 07:00:00,0.0
2017-03-18 08:00:00,2017-03-18 08:00:00,0.0
2017-03-18 09:00:00,2017-03-18 09:00:00,45.7006992958
2017-03-18 10:00:00,2017-03-18 10:00:00,35.011338945
2017-03-18 11:00:00,2017-03-18 11:00:00,43.6557896973
2017-03-18 12:00:00,2017-03-18 12:00:00,49.7542839958
2017-03-18 13:00:00,2017-03-18 13:00:00,53.9318085768
2017-03-18 14:00:00,2017-03-18 14:00:00,55.5423469635
2017-03-18 15:00:00,2017-03-18 15:00:00,54.0285362661
2017-03-18 16:00:00,2017-03-18 16:00:00,49.9415665476
2017-03-18 17:00:00,2017-03-18 17:00:00,43.9579275678
2017-03-18 18:00:00,2017-03-18 18:00:00,35.5443053384
2017-03-18 19:00:00,2017-03-18 19:00:00,46.5404165702
2017-03-18 20:00:00,2017-03-18 20:00:00,0.0
2017-03-18 21:00:00,2017-03-18 21:00:00,0.0
2017-03-18 22:00:00,2017-03-18 22:00:00,0.0
2017-03-18 23:00:00,2017-03-18 23:00:00,0.0
2017-03-19 00:00:00,2017-03-19 00:00:00,0.0
2017-03-19 01:00:00,2017-03-19 01:00:00,0.0
2017-03-19 02:00:00,2017-03-19 02:00:00,0.0
2017-03-19 03:00:00,2017-03-19 03:00:00,0.0
2017-03-19 04:00:00,2017-03-19 04:00:00,0.0
2017-03-19 05:00:00,2017-03-19 05:00:00,0.0
2017-03-19 06:00:00,2017-03-19 06:00:00,0.0
2017-03-19 07:00:00,2017-03-19 07:00:00,0.0
2017-03-19 08:00:00,2017-03-19 08:00:00,0.0
2017-03-19 09:00:00,2017-03-19 09:00:00,46.9699225459
2017-03-19 10:00:00,2017-03-19 10:00:00,35.8779905993
2017-03-19 11:00:00,2017-03-19 11:00:00,44.2104919243
2017-03-19 12:00:00,2017-03-19 12:00:00,50.1527129589
2017-03-19 13:00:00,2017-03-19 13:00:00,54.2293047793
2017-03-19 14:00:00,2017-03-19 14:00:00,55.789668034
2017-03-19 15:00:00,2017-03-19 15:00:00,54.2956419897
2017-03-19 16:00:00,2017-03-19 16:00:00,50.2878427539
2017-03-19 17:00:00,2017-03-19 17:00:00,44.4399796071
2017-03-19 18:00:00,2017-03-19 18:00:00,36.2969222424
2017-03-19 19:00:00,2017-03-19 19:00:00,43.1661359492
2017-03-19 20:00:00,2017-03-19 20:00:00,0.0
2017-03-19 21:00:00,2017-03-19 21:00:00,0.0
2017-03-19 22:00:00,2017-03-19 22:00:00,0.0
2017-03-19 23:00:00,2017-03-19 23:00:00,0.0
2017-03-20 00:00:00,2017-03-20 00:00:00,0.0
2017-03-20 01:00:00,2017-03-20 01:00:00,0.0
2017-03-20 02:00:00,2017-03-20 02:00:00,0.0
2017-03-20 03:00:00,2017-03-20 03:00:00,0.0
2017-03-20 04:00:00,2017-03-20 04:00:00,0.0
2017-03-20 05:00:00,2017-03-20 05:00:00,0.0
2017-03-20 06:00:00,2017-03-20 06:00:00,0.0
2017-03-20 07:00:00,2017-03-20 07:00:00,0.0
2017-03-20 08:00:00,2017-03-20 08:00:00,0.0
2017-03-20 09:00:00,2017-03-20 09:00:00,43.7556260282
2017-03-20 10:00:00,2017-03-20 10:00:00,36.7282463238
2017-03-20 11:00:00,2017-03-20 11:00:00,44.7580303675
2017-03-20 12:00:00,2017-03-20 12:00:00,50.5469381879
2017-03-20 13:00:00,2017-03-20 13:00:00,54.5244390859
2017-03-20 14:00:00,2017-03-20 14:00:00,56.0358696801
2017-03-20 15:00:00,2017-03-20 15:00:00,54.5614709075
2017-03-20 16:00:00,2017-03-20 16:00:00,50.6317760341
2017-03-20 17:00:00,2017-03-20 17:00:00,44.9181369019
2017-03-20 18:00:00,2017-03-20 18:00:00,37.0414947015
2017-03-20 19:00:00,2017-03-20 19:00:00,44.290260469
2017-03-20 20:00:00,2017-03-20 20:00:00,0.0
2017-03-20 21:00:00,2017-03-20 21:00:00,0.0
2017-03-20 22:00:00,2017-03-20 22:00:00,0.0
2017-03-20 23:00:00,2017-03-20 23:00:00,0.0
2017-03-21 00:00:00,2017-03-21 00:00:00,0.0
2017-03-21 01:00:00,2017-03-21 01:00:00,0.0
2017-03-21 02:00:00,2017-03-21 02:00:00,0.0
2017-03-21 03:00:00,2017-03-21 03:00:00,0.0
2017-03-21 04:00:00,2017-03-21 04:00:00,0.0
2017-03-21 05:00:00,2017-03-21 05:00:00,0.0
2017-03-21 06:00:00,2017-03-21 06:00:00,0.0
2017-03-21 07:00:00,2017-03-21 07:00:00,0.0
2017-03-21 08:00:00,2017-03-21 08:00:00,0.0
2017-03-21 09:00:00,2017-03-21 09:00:00,45.0103876378
2017-03-21 10:00:00,2017-03-21 10:00:00,37.5627176836
2017-03-21 11:00:00,2017-03-21 11:00:00,45.2985096512
2017-03-21 12:00:00,2017-03-21 12:00:00,50.9369897035
2017-03-21 13:00:00,2017-03-21 13:00:00,54.8172219038
2017-03-21 14:00:00,2017-03-21 14:00:00,56.2809497524
2017-03-21 15:00:00,2017-03-21 15:00:00,54.8260431655
2017-03-21 16:00:00,2017-03-21 16:00:00,50.9734260938
2017-03-21 17:00:00,2017-03-21 17:00:00,45.3925230125
2017-03-21 18:00:00,2017-03-21 18:00:00,37.7784418948
2017-03-21 19:00:00,2017-03-21 19:00:00,45.4001334937
2017-03-21 20:00:00,2017-03-21 20:00:00,0.0
2017-03-21 21:00:00,2017-03-21 21:00:00,0.0
2017-03-21 22:00:00,2017-03-21 22:00:00,0.0
2017-03-21 23:00:00,2017-03-21 23:00:00,0.0
2017-03-22 00:00:00,2017-03-22 00:00:00,0.0
2017-03-22 01:00:00,2017-03-22 01:00:00,0.0
2017-03-22 02:00:00,2017-03-22 02:00:00,0.0
2017-03-22 03:00:00,2017-03-22 03:00:00,0.0
2017-03-22 04:00:00,2017-03-22 04:00:00,0.0
2017-03-22 05:00:00,2017-03-22 05:00:00,0.0
2017-03-22 06:00:00,2017-03-22 06:00:00,0.0
2017-03-22 07:00:00,2017-03-22 07:00:00,0.0
2017-03-22 08:00:00,2017-03-22 08:00:00,0.0
2017-03-22 09:00:00,2017-03-22 09:00:00,42.5389020704
2017-03-22 10:00:00,2017-03-22 10:00:00,38.3819813833
2017-03-22 11:00:00,2017-03-22 11:00:00,45.8320342235
2017-03-22 12:00:00,2017-03-22 12:00:00,51.3228994169
2017-03-22 13:00:00,2017-03-22 13:00:00,55.1076646974
2017-03-22 14:00:00,2017-03-22 14:00:00,56.5249059928
2017-03-22 15:00:00,2017-03-22 15:00:00,55.0893767281
2017-03-22 16:00:00,2017-03-22 16:00:00,51.3128485591
2017-03-22 17:00:00,2017-03-22 17:00:00,45.863254363
2017-03-22 18:00:00,2017-03-22 18:00:00,38.5081582255
2017-03-22 19:00:00,2017-03-22 19:00:00,42.8189520799
2017-03-22 20:00:00,2017-03-22 20:00:00,0.0
2017-03-22 21:00:00,2017-03-22 21:00:00,0.0
2017-03-22 22:00:00,2017-03-22 22:00:00,0.0
2017-03-22 23:00:00,2017-03-22 23:00:00,0.0
2017-03-23 00:00:00,2017-03-23 00:00:00,0.0
2017-03-23 01:00:00,2017-03-23 01:00:00,0.0
2017-03-23 02:00:00,2017-03-23 02:00:00,0.0
2017-03-23 03:00:00,2017-03-23 03:00:00,0.0
2017-03-23 04:00:00,2017-03-23 04:00:00,0.0
2017-03-23 05:00:00,2017-03-23 05:00:00,0.0
2017-03-23 06:00:00,2017-03-23 06:00:00,0.0
2017-03-23 07:00:00,2017-03-23 07:00:00,0.0
2017-03-23 08:00:00,2017-03-23 08:00:00,0.0
2017-03-23 09:00:00,2017-03-23 09:00:00,43.7816290861
2017-03-23 10:00:00,2017-03-23 10:00:00,39.1865818421
2017-03-23 11:00:00,2017-03-23 11:00:00,46.3587079691
2017-03-23 12:00:00,2017-03-23 12:00:00,51.7047007404
2017-03-23 13:00:00,2017-03-23 13:00:00,55.3957796955
2017-03-23 14:00:00,2017-03-23 14:00:00,56.7677358512
2017-03-23 15:00:00,2017-03-23 15:00:00,55.3514872958
2017-03-23 16:00:00,2017-03-23 16:00:00,51.6500949034
2017-03-23 17:00:00,2017-03-23 17:00:00,46.3304402442
2017-03-23 18:00:00,2017-03-23 18:00:00,39.2310147505
2017-03-23 19:00:00,2017-03-23 19:00:00,43.9488303265
2017-03-23 20:00:00,2017-03-23 20:00:00,0.0
2017-03-23 21:00:00,2017-03-23 21:00:00,0.0
2017-03-23 22:00:00,2017-03-23 22:00:00,0.0
2017-03-23 23:00:00,2017-03-23 23:00:00,0.0
2017-03-24 00:00:00,2017-03-24 00:00:00,0.0
2017-03-24 01:00:00,2017-03-24 01:00:00,0.0
2017-03-24 02:00:00,2017-03-24 02:00:00,0.0
2017-03-24 03:00:00,2017-03-24 03:00:00,0.0
2017-03-24 04:00:00,2017-03-24 04:00:00,0.0
2017-03-24 05:00:00,2017-03-24 05:00:00,0.0
2017-03-24 06:00:00,2017-03-24 06:00:00,0.0
2017-03-24 07:00:00,2017-03-24 07:00:00,0.0
2017-03-24 08:00:00,2017-03-24 08:00:00,0.0
2017-03-24 09:00:00,2017-03-24 09:00:00,41.8496222765
2017-03-24 10:00:00,2017-03-24 10:00:00,39.9770334063
2017-03-24 11:00:00,2017-03-24 11:00:00,46.8786338069
2017-03-24 12:00:00,2017-03-24 12:00:00,52.0824281891
2017-03-24 13:00:00,2017-03-24 13:00:00,55.6815795879
2017-03-24 14:00:00,2017-03-24 14:00:00,57.009436281
2017-03-24 15:00:00,2017-03-24 15:00:00,55.6123881909
2017-03-24 16:00:00,2017-03-24 16:00:00,51.9852123422
2017-03-24 17:00:00,2017-03-24 17:00:00,46.7941827727
2017-03-24 18:00:00,2017-03-24 18:00:00,39.9473604155
2017-03-24 19:00:00,2017-03-24 19:00:00,45.0667874202
2017-03-24 20:00:00,2017-03-24 20:00:00,0.0
2017-03-24 21:00:00,2017-03-24 21:00:00,0.0
2017-03-24 22:00:00,2017-03-24 22:00:00,0.0
2017-03-24 23:00:00,2017-03-24 23:00:00,0.0
2017-03-25 00:00:00,2017-03-25 00:00:00,0.0
2017-03-25 01:00:00,2017-03-25 01:00:00,0.0
2017-03-25 02:00:00,2017-03-25 02:00:00,0.0
2017-03-25 03:00:00,2017-03-25 03:00:00,0.0
2017-03-25 04:00:00,2017-03-25 04:00:00,0.0
2017-03-25 05:00:00,2017-03-25 05:00:00,0.0
2017-03-25 06:00:00,2017-03-25 06:00:00,0.0
2017-03-25 07:00:00,2017-03-25 07:00:00,0.0
2017-03-25 08:00:00,2017-03-25 08:00:00,0.0
2017-03-25 09:00:00,2017-03-25 09:00:00,43.0828009715
2017-03-25 10:00:00,2017-03-25 10:00:00,40.7538222951
2017-03-25 11:00:00,2017-03-25 11:00:00,47.3919132969
2017-03-25 12:00:00,2017-03-25 12:00:00,52.4561169908
2017-03-25 13:00:00,2017-03-25 13:00:00,55.965077242
2017-03-25 14:00:00,2017-03-25 14:00:00,57.250003588
2017-03-25 15:00:00,2017-03-25 15:00:00,55.8720903457
2017-03-25 16:00:00,2017-03-25 16:00:00,52.3182438873
2017-03-25 17:00:00,2017-03-25 17:00:00,47.2545770728
2017-03-25 18:00:00,2017-03-25 18:00:00,40.6575235029
2017-03-25 19:00:00,2017-03-25 19:00:00,43.0925837954
2017-03-25 20:00:00,2017-03-25 20:00:00,0.0
2017-03-25 21:00:00,2017-03-25 21:00:00,0.0
2017-03-25 22:00:00,2017-03-25 22:00:00,0.0
2017-03-25 23:00:00,2017-03-25 23:00:00,0.0
2017-03-26 00:00:00,2017-03-26 00:00:00,0.0
2017-03-26 01:00:00,2017-03-26 01:00:00,0.0
2017-03-26 02:00:00,2017-03-26 02:00:00,0.0
2017-03-26 03:00:00,2017-03-26 03:00:00,0.0
2017-03-26 04:00:00,2017-03-26 04:00:00,0.0
2017-03-26 05:00:00,2017-03-26 05:00:00,0.0
2017-03-26 06:00:00,2017-03-26 06:00:00,0.0
2017-03-26 07:00:00,2017-03-26 07:00:00,0.0
2017-03-26 08:00:00,2017-03-26 08:00:00,0.0
2017-03-26 09:00:00,2017-03-26 09:00:00,41.5761440678
2017-03-26 10:00:00,2017-03-26 10:00:00,41.5174084312
2017-03-26 11:00:00,2017-03-26 11:00:00,47.898646318
2017-03-26 12:00:00,2017-03-26 12:00:00,52.8258027455
2017-03-26 13:00:00,2017-03-26 13:00:00,56.2462854818
2017-03-26 14:00:00,2017-03-26 14:00:00,56.2462854818
2017-03-26 15:00:00,2017-03-26 15:00:00,57.4894334026
2017-03-26 16:00:00,2017-03-26 16:00:00,56.1306025064
2017-03-26 17:00:00,2017-03-26 17:00:00,52.6492287171
2017-03-26 18:00:00,2017-03-26 18:00:00,47.7117118755
2017-03-26 19:00:00,2017-03-26 19:00:00,41.3618135481
2017-03-26 20:00:00,2017-03-26 20:00:00,44.2380401301
2017-03-26 21:00:00,2017-03-26 21:00:00,0.0
2017-03-26 22:00:00,2017-03-26 22:00:00,0.0
2017-03-26 23:00:00,2017-03-26 23:00:00,0.0
2017-03-27 00:00:00,2017-03-27 00:00:00,0.0
2017-03-27 01:00:00,2017-03-27 01:00:00,0.0
2017-03-27 02:00:00,2017-03-27 02:00:00,0.0
2017-03-27 03:00:00,2017-03-27 03:00:00,0.0
2017-03-27 04:00:00,2017-03-27 04:00:00,0.0
2017-03-27 05:00:00,2017-03-27 05:00:00,0.0
2017-03-27 06:00:00,2017-03-27 06:00:00,0.0
2017-03-27 07:00:00,2017-03-27 07:00:00,0.0
2017-03-27 08:00:00,2017-03-27 08:00:00,0.0
2017-03-27 09:00:00,2017-03-27 09:00:00,0.0
2017-03-27 10:00:00,2017-03-27 10:00:00,42.8024242425
2017-03-27 11:00:00,2017-03-27 11:00:00,42.268227306
2017-03-27 12:00:00,2017-03-27 12:00:00,48.398930884
2017-03-27 13:00:00,2017-03-27 13:00:00,53.1915211817
2017-03-27 14:00:00,2017-03-27 14:00:00,56.5252169652
2017-03-27 15:00:00,2017-03-27 15:00:00,57.7277207812
2017-03-27 16:00:00,2017-03-27 16:00:00,56.3879316147
2017-03-27 17:00:00,2017-03-27 17:00:00,52.9782027789
2017-03-27 18:00:00,2017-03-27 18:00:00,48.1656703963
2017-03-27 19:00:00,2017-03-27 19:00:00,42.0605234862
2017-03-27 20:00:00,2017-03-27 20:00:00,45.3741118148
2017-03-27 21:00:00,2017-03-27 21:00:00,0.0
2017-03-27 22:00:00,2017-03-27 22:00:00,0.0
2017-03-27 23:00:00,2017-03-27 23:00:00,0.0
2017-03-28 00:00:00,2017-03-28 00:00:00,0.0
2017-03-28 01:00:00,2017-03-28 01:00:00,0.0
2017-03-28 02:00:00,2017-03-28 02:00:00,0.0
2017-03-28 03:00:00,2017-03-28 03:00:00,0.0
2017-03-28 04:00:00,2017-03-28 04:00:00,0.0
2017-03-28 05:00:00,2017-03-28 05:00:00,0.0
2017-03-28 06:00:00,2017-03-28 06:00:00,0.0
2017-03-28 07:00:00,2017-03-28 07:00:00,0.0
2017-03-28 08:00:00,2017-03-28 08:00:00,0.0
2017-03-28 09:00:00,2017-03-28 09:00:00,0.0
2017-03-28 10:00:00,2017-03-28 10:00:00,41.6559293942
2017-03-28 11:00:00,2017-03-28 11:00:00,43.0066919088
2017-03-28 12:00:00,2017-03-28 12:00:00,48.8928631222
2017-03-28 13:00:00,2017-03-28 13:00:00,53.553308033
2017-03-28 14:00:00,2017-03-28 14:00:00,56.8018841386
2017-03-28 15:00:00,2017-03-28 15:00:00,57.9648603231
2017-03-28 16:00:00,2017-03-28 16:00:00,56.644083131
2017-03-28 17:00:00,2017-03-28 17:00:00,53.3051992668
2017-03-28 18:00:00,2017-03-28 18:00:00,48.6165310033
2017-03-28 19:00:00,2017-03-28 19:00:00,42.7539313327
2017-03-28 20:00:00,2017-03-28 20:00:00,43.9174190158
2017-03-28 21:00:00,2017-03-28 21:00:00,0.0
2017-03-28 22:00:00,2017-03-28 22:00:00,0.0
2017-03-28 23:00:00,2017-03-28 23:00:00,0.0
2017-03-29 00:00:00,2017-03-29 00:00:00,0.0
2017-03-29 01:00:00,2017-03-29 01:00:00,0.0
2017-03-29 02:00:00,2017-03-29 02:00:00,0.0
2017-03-29 03:00:00,2017-03-29 03:00:00,0.0
2017-03-29 04:00:00,2017-03-29 04:00:00,0.0
2017-03-29 05:00:00,2017-03-29 05:00:00,0.0
2017-03-29 06:00:00,2017-03-29 06:00:00,0.0
2017-03-29 07:00:00,2017-03-29 07:00:00,0.0
2017-03-29 08:00:00,2017-03-29 08:00:00,0.0
2017-03-29 09:00:00,2017-03-29 09:00:00,0.0
2017-03-29 10:00:00,2017-03-29 10:00:00,42.8782628969
2017-03-29 11:00:00,2017-03-29 11:00:00,43.7331945704
2017-03-29 12:00:00,2017-03-29 12:00:00,49.3805373455
2017-03-29 13:00:00,2017-03-29 13:00:00,53.9111989916
2017-03-29 14:00:00,2017-03-29 14:00:00,57.0762992012
2017-03-29 15:00:00,2017-03-29 15:00:00,58.2008461512
2017-03-29 16:00:00,2017-03-29 16:00:00,56.8990610329
2017-03-29 17:00:00,2017-03-29 17:00:00,53.6302486003
2017-03-29 18:00:00,2017-03-29 18:00:00,49.0643671917
2017-03-29 19:00:00,2017-03-29 19:00:00,43.4423007729
2017-03-29 20:00:00,2017-03-29 20:00:00,45.0905694383
2017-03-29 21:00:00,2017-03-29 21:00:00,0.0
2017-03-29 22:00:00,2017-03-29 22:00:00,0.0
2017-03-29 23:00:00,2017-03-29 23:00:00,0.0
2017-03-30 00:00:00,2017-03-30 00:00:00,0.0
2017-03-30 01:00:00,2017-03-30 01:00:00,0.0
2017-03-30 02:00:00,2017-03-30 02:00:00,0.0
2017-03-30 03:00:00,2017-03-30 03:00:00,0.0
2017-03-30 04:00:00,2017-03-30 04:00:00,0.0
2017-03-30 05:00:00,2017-03-30 05:00:00,0.0
2017-03-30 06:00:00,2017-03-30 06:00:00,0.0
2017-03-30 07:00:00,2017-03-30 07:00:00,0.0
2017-03-30 08:00:00,2017-03-30 08:00:00,0.0
2017-03-30 09:00:00,2017-03-30 09:00:00,0.0
2017-03-30 10:00:00,2017-03-30 10:00:00,44.0733468982
2017-03-30 11:00:00,2017-03-30 11:00:00,44.4481084788
2017-03-30 12:00:00,2017-03-30 12:00:00,49.8620460808
2017-03-30 13:00:00,2017-03-30 13:00:00,54.2652296494
2017-03-30 14:00:00,2017-03-30 14:00:00,57.3484740029
2017-03-30 15:00:00,2017-03-30 15:00:00,58.4356716848
2017-03-30 16:00:00,2017-03-30 16:00:00,57.1528674286
2017-03-30 17:00:00,2017-03-30 17:00:00,53.953377858
2017-03-30 18:00:00,2017-03-30 18:00:00,49.5092468482
2017-03-30 19:00:00,2017-03-30 19:00:00,44.1258807469
2017-03-30 20:00:00,2017-03-30 20:00:00,46.2573503305
2017-03-30 21:00:00,2017-03-30 21:00:00,0.0
2017-03-30 22:00:00,2017-03-30 22:00:00,0.0
2017-03-30 23:00:00,2017-03-30 23:00:00,0.0
2017-03-31 00:00:00,2017-03-31 00:00:00,0.0
2017-03-31 01:00:00,2017-03-31 01:00:00,0.0
2017-03-31 02:00:00,2017-03-31 02:00:00,0.0
2017-03-31 03:00:00,2017-03-31 03:00:00,0.0
2017-03-31 04:00:00,2017-03-31 04:00:00,0.0
2017-03-31 05:00:00,2017-03-31 05:00:00,0.0
2017-03-31 06:00:00,2017-03-31 06:00:00,0.0
2017-03-31 07:00:00,2017-03-31 07:00:00,0.0
2017-03-31 08:00:00,2017-03-31 08:00:00,0.0
2017-03-31 09:00:00,2017-03-31 09:00:00,0.0
2017-03-31 10:00:00,2017-03-31 10:00:00,43.2794894003
2017-03-31 11:00:00,2017-03-31 11:00:00,45.1517887661
2017-03-31 12:00:00,2017-03-31 12:00:00,50.3374799623
2017-03-31 13:00:00,2017-03-31 13:00:00,54.6154353521
2017-03-31 14:00:00,2017-03-31 14:00:00,57.6184198591
2017-03-31 15:00:00,2017-03-31 15:00:00,58.6693293134
2017-03-31 16:00:00,2017-03-31 16:00:00,57.4055020491
2017-03-31 17:00:00,2017-03-31 17:00:00,54.2746100811
2017-03-31 18:00:00,2017-03-31 18:00:00,49.9512313905
2017-03-31 19:00:00,2017-03-31 19:00:00,44.8049049089
2017-03-31 20:00:00,2017-03-31 20:00:00,45.2900880348
2017-03-31 21:00:00,2017-03-31 21:00:00,0.0
2017-03-31 22:00:00,2017-03-31 22:00:00,0.0
2017-03-31 23:00:00,2017-03-31 23:00:00,0.0
2017-04-01 00:00:00,2017-04-01 00:00:00,0.0
2017-04-01 01:00:00,2017-04-01 01:00:00,0.0
2017-04-01 02:00:00,2017-04-01 02:00:00,0.0
2017-04-01 03:00:00,2017-04-01 03:00:00,0.0
2017-04-01 04:00:00,2017-04-01 04:00:00,0.0
2017-04-01 05:00:00,2017-04-01 05:00:00,0.0
2017-04-01 06:00:00,2017-04-01 06:00:00,0.0
2017-04-01 07:00:00,2017-04-01 07:00:00,0.0
2017-04-01 08:00:00,2017-04-01 08:00:00,0.0
2017-04-01 09:00:00,2017-04-01 09:00:00,0.0
2017-04-01 10:00:00,2017-04-01 10:00:00,44.4752358133
2017-04-01 11:00:00,2017-04-01 11:00:00,45.8445104569
2017-04-01 12:00:00,2017-04-01 12:00:00,50.8068721829
2017-04-01 13:00:00,2017-04-01 13:00:00,54.9618072788
2017-04-01 14:00:00,2017-04-01 14:00:00,57.8861223332
2017-04-01 15:00:00,2017-04-01 15:00:00,58.901811823
2017-04-01 16:00:00,2017-04-01 16:00:00,57.6569896327
2017-04-01 17:00:00,2017-04-01 17:00:00,54.5940091808
2017-04-01 18:00:00,2017-04-01 18:00:00,50.3904315167
2017-04-01 19:00:00,2017-04-01 19:00:00,45.4796536637
2017-04-01 20:00:00,2017-04-01 20:00:00,46.5071086592
2017-04-01 21:00:00,2017-04-01 21:00:00,0.0
2017-04-01 22:00:00,2017-04-01 22:00:00,0.0
2017-04-01 23:00:00,2017-04-01 23:00:00,0.0
2017-04-02 00:00:00,2017-04-02 00:00:00,0.0
2017-04-02 01:00:00,2017-04-02 01:00:00,0.0
2017-04-02 02:00:00,2017-04-02 02:00:00,0.0
2017-04-02 03:00:00,2017-04-02 03:00:00,0.0
2017-04-02 04:00:00,2017-04-02 04:00:00,0.0
2017-04-02 05:00:00,2017-04-02 05:00:00,0.0
2017-04-02 06:00:00,2017-04-02 06:00:00,0.0
2017-04-02 07:00:00,2017-04-02 07:00:00,0.0
2017-04-02 08:00:00,2017-04-02 08:00:00,0.0
2017-04-02 09:00:00,2017-04-02 09:00:00,0.0
2017-04-02 10:00:00,2017-04-02 10:00:00,43.9987182409
2017-04-02 11:00:00,2017-04-02 11:00:00,46.5267246757
2017-04-02 12:00:00,2017-04-02 12:00:00,51.2704215046
2017-04-02 13:00:00,2017-04-02 13:00:00,55.3044681849
2017-04-02 14:00:00,2017-04-02 14:00:00,58.1516419252
2017-04-02 15:00:00,2017-04-02 15:00:00,59.1331061042
2017-04-02 16:00:00,2017-04-02 16:00:00,57.9072694661
2017-04-02 17:00:00,2017-04-02 17:00:00,54.9114990803
2017-04-02 18:00:00,2017-04-02 18:00:00,50.8267826092
2017-04-02 19:00:00,2017-04-02 19:00:00,46.1502053236
2017-04-02 20:00:00,2017-04-02 20:00:00,47.7215990726
2017-04-02 21:00:00,2017-04-02 21:00:00,0.0
2017-04-02 22:00:00,2017-04-02 22:00:00,0.0
2017-04-02 23:00:00,2017-04-02 23:00:00,0.0
2017-04-03 00:00:00,2017-04-03 00:00:00,0.0
2017-04-03 01:00:00,2017-04-03 01:00:00,0.0
2017-04-03 02:00:00,2017-04-03 02:00:00,0.0
2017-04-03 03:00:00,2017-04-03 03:00:00,0.0
2017-04-03 04:00:00,2017-04-03 04:00:00,0.0
2017-04-03 05:00:00,2017-04-03 05:00:00,0.0
2017-04-03 06:00:00,2017-04-03 06:00:00,0.0
2017-04-03 07:00:00,2017-04-03 07:00:00,0.0
2017-04-03 08:00:00,2017-04-03 08:00:00,0.0
2017-04-03 09:00:00,2017-04-03 09:00:00,0.0
2017-04-03 10:00:00,2017-04-03 10:00:00,45.1994993389
2017-04-03 11:00:00,2017-04-03 11:00:00,47.1986711721
2017-04-03 12:00:00,2017-04-03 12:00:00,51.7281546753
2017-04-03 13:00:00,2017-04-03 13:00:00,55.643406614
2017-04-03 14:00:00,2017-04-03 14:00:00,58.4149618853
2017-04-03 15:00:00,2017-04-03 15:00:00,59.3632030328
2017-04-03 16:00:00,2017-04-03 16:00:00,58.1563633869
2017-04-03 17:00:00,2017-04-03 17:00:00,55.2271389591
2017-04-03 18:00:00,2017-04-03 18:00:00,51.2603877024
2017-04-03 19:00:00,2017-04-03 19:00:00,46.8168213799
2017-04-03 20:00:00,2017-04-03 20:00:00,47.2678913973
2017-04-03 21:00:00,2017-04-03 21:00:00,0.0
2017-04-03 22:00:00,2017-04-03 22:00:00,0.0
2017-04-03 23:00:00,2017-04-03 23:00:00,0.0
2017-04-04 00:00:00,2017-04-04 00:00:00,0.0
2017-04-04 01:00:00,2017-04-04 01:00:00,0.0
2017-04-04 02:00:00,2017-04-04 02:00:00,0.0
2017-04-04 03:00:00,2017-04-04 03:00:00,0.0
2017-04-04 04:00:00,2017-04-04 04:00:00,0.0
2017-04-04 05:00:00,2017-04-04 05:00:00,0.0
2017-04-04 06:00:00,2017-04-04 06:00:00,0.0
2017-04-04 07:00:00,2017-04-04 07:00:00,0.0
2017-04-04 08:00:00,2017-04-04 08:00:00,0.0
2017-04-04 09:00:00,2017-04-04 09:00:00,0.0
2017-04-04 10:00:00,2017-04-04 10:00:00,45.0495137934
2017-04-04 11:00:00,2017-04-04 11:00:00,47.8606430633
2017-04-04 12:00:00,2017-04-04 12:00:00,52.1801535897
2017-04-04 13:00:00,2017-04-04 13:00:00,55.9786552359
2017-04-04 14:00:00,2017-04-04 14:00:00,58.6760906052
2017-04-04 15:00:00,2017-04-04 15:00:00,59.5920918128
2017-04-04 16:00:00,2017-04-04 16:00:00,58.4042648494
2017-04-04 17:00:00,2017-04-04 17:00:00,55.5409409826
2017-04-04 18:00:00,2017-04-04 18:00:00,51.6912899407
2017-04-04 19:00:00,2017-04-04 19:00:00,47.4796897612
2017-04-04 20:00:00,2017-04-04 20:00:00,48.5518430945
2017-04-04 21:00:00,2017-04-04 21:00:00,0.0
2017-04-04 22:00:00,2017-04-04 22:00:00,0.0
2017-04-04 23:00:00,2017-04-04 23:00:00,0.0
2017-04-05 00:00:00,2017-04-05 00:00:00,0.0
2017-04-05 01:00:00,2017-04-05 01:00:00,0.0
2017-04-05 02:00:00,2017-04-05 02:00:00,0.0
2017-04-05 03:00:00,2017-04-05 03:00:00,0.0
2017-04-05 04:00:00,2017-04-05 04:00:00,0.0
2017-04-05 05:00:00,2017-04-05 05:00:00,0.0
2017-04-05 06:00:00,2017-04-05 06:00:00,0.0
2017-04-05 07:00:00,2017-04-05 07:00:00,0.0
2017-04-05 08:00:00,2017-04-05 08:00:00,0.0
2017-04-05 09:00:00,2017-04-05 09:00:00,0.0
2017-04-05 10:00:00,2017-04-05 10:00:00,46.2608347312
2017-04-05 11:00:00,2017-04-05 11:00:00,48.5129217995
2017-04-05 12:00:00,2017-04-05 12:00:00,52.6264983981
2017-04-05 13:00:00,2017-04-05 13:00:00,56.3102460879
2017-04-05 14:00:00,2017-04-05 14:00:00,58.9350360743
2017-04-05 15:00:00,2017-04-05 15:00:00,59.8197619126
2017-04-05 16:00:00,2017-04-05 16:00:00,58.6509677437
2017-04-05 17:00:00,2017-04-05 17:00:00,55.852917426
2017-04-05 18:00:00,2017-04-05 18:00:00,52.1195314875
2017-04-05 19:00:00,2017-04-05 19:00:00,48.1389921243
2017-04-05 20:00:00,2017-04-05 20:00:00,49.8387920593
2017-04-05 21:00:00,2017-04-05 21:00:00,0.0
2017-04-05 22:00:00,2017-04-05 22:00:00,0.0
2017-04-05 23:00:00,2017-04-05 23:00:00,0.0
2017-04-06 00:00:00,2017-04-06 00:00:00,0.0
2017-04-06 01:00:00,2017-04-06 01:00:00,0.0
2017-04-06 02:00:00,2017-04-06 02:00:00,0.0
2017-04-06 03:00:00,2017-04-06 03:00:00,0.0
2017-04-06 04:00:00,2017-04-06 04:00:00,0.0
2017-04-06 05:00:00,2017-04-06 05:00:00,0.0
2017-04-06 06:00:00,2017-04-06 06:00:00,0.0
2017-04-06 07:00:00,2017-04-06 07:00:00,0.0
2017-04-06 08:00:00,2017-04-06 08:00:00,0.0
2017-04-06 09:00:00,2017-04-06 09:00:00,95.4915294119
2017-04-06 10:00:00,2017-04-06 10:00:00,47.4509699793
2017-04-06 11:00:00,2017-04-06 11:00:00,49.1557786965
2017-04-06 12:00:00,2017-04-06 12:00:00,53.0672678146
2017-04-06 13:00:00,2017-04-06 13:00:00,56.6382106975
2017-04-06 14:00:00,2017-04-06 14:00:00,59.1918060014
2017-04-06 15:00:00,2017-04-06 15:00:00,60.0462032158
2017-04-06 16:00:00,2017-04-06 16:00:00,58.8964665777
2017-04-06 17:00:00,2017-04-06 17:00:00,56.1630808482
2017-04-06 18:00:00,2017-04-06 18:00:00,52.5451536172
2017-04-06 19:00:00,2017-04-06 19:00:00,48.7949038269
2017-04-06 20:00:00,2017-04-06 20:00:00,49.9834321666
2017-04-06 21:00:00,2017-04-06 21:00:00,0.0
2017-04-06 22:00:00,2017-04-06 22:00:00,0.0
2017-04-06 23:00:00,2017-04-06 23:00:00,0.0
2017-04-07 00:00:00,2017-04-07 00:00:00,0.0
2017-04-07 01:00:00,2017-04-07 01:00:00,0.0
2017-04-07 02:00:00,2017-04-07 02:00:00,0.0
2017-04-07 03:00:00,2017-04-07 03:00:00,0.0
2017-04-07 04:00:00,2017-04-07 04:00:00,0.0
2017-04-07 05:00:00,2017-04-07 05:00:00,0.0
2017-04-07 06:00:00,2017-04-07 06:00:00,0.0
2017-04-07 07:00:00,2017-04-07 07:00:00,0.0
2017-04-07 08:00:00,2017-04-07 08:00:00,0.0
2017-04-07 09:00:00,2017-04-07 09:00:00,97.7326120574
2017-04-07 10:00:00,2017-04-07 10:00:00,48.6216587319
2017-04-07 11:00:00,2017-04-07 11:00:00,49.7894761051
2017-04-07 12:00:00,2017-04-07 12:00:00,53.5025393296
2017-04-07 13:00:00,2017-04-07 13:00:00,56.9625801596
2017-04-07 14:00:00,2017-04-07 14:00:00,59.4464078339
2017-04-07 15:00:00,2017-04-07 15:00:00,60.2714059164
2017-04-07 16:00:00,2017-04-07 16:00:00,59.1407562111
2017-04-07 17:00:00,2017-04-07 17:00:00,56.4714436427
2017-04-07 18:00:00,2017-04-07 18:00:00,52.9681960123
2017-04-07 19:00:00,2017-04-07 19:00:00,49.4475928645
2017-04-07 20:00:00,2017-04-07 20:00:00,51.3698757904
2017-04-07 21:00:00,2017-04-07 21:00:00,0.0
2017-04-07 22:00:00,2017-04-07 22:00:00,0.0
2017-04-07 23:00:00,2017-04-07 23:00:00,0.0
2017-04-08 00:00:00,2017-04-08 00:00:00,0.0
2017-04-08 01:00:00,2017-04-08 01:00:00,0.0
2017-04-08 02:00:00,2017-04-08 02:00:00,0.0
2017-04-08 03:00:00,2017-04-08 03:00:00,0.0
2017-04-08 04:00:00,2017-04-08 04:00:00,0.0
2017-04-08 05:00:00,2017-04-08 05:00:00,0.0
2017-04-08 06:00:00,2017-04-08 06:00:00,0.0
2017-04-08 07:00:00,2017-04-08 07:00:00,0.0
2017-04-08 08:00:00,2017-04-08 08:00:00,0.0
2017-04-08 09:00:00,2017-04-08 09:00:00,100.0
2017-04-08 10:00:00,2017-04-08 10:00:00,49.7745349044
2017-04-08 11:00:00,2017-04-08 11:00:00,50.4142682154
2017-04-08 12:00:00,2017-04-08 12:00:00,53.9323893131
2017-04-08 13:00:00,2017-04-08 13:00:00,57.2833851576
2017-04-08 14:00:00,2017-04-08 14:00:00,59.698848694
2017-04-08 15:00:00,2017-04-08 15:00:00,60.4953602488
2017-04-08 16:00:00,2017-04-08 16:00:00,59.3838313223
2017-04-08 17:00:00,2017-04-08 17:00:00,56.7780172357
2017-04-08 18:00:00,2017-04-08 18:00:00,53.3886956363
2017-04-08 19:00:00,2017-04-08 19:00:00,50.0972183158
2017-04-08 20:00:00,2017-04-08 20:00:00,52.767635705
2017-04-08 21:00:00,2017-04-08 21:00:00,0.0
2017-04-08 22:00:00,2017-04-08 22:00:00,0.0
2017-04-08 23:00:00,2017-04-08 23:00:00,0.0
2017-04-09 00:00:00,2017-04-09 00:00:00,0.0
2017-04-09 01:00:00,2017-04-09 01:00:00,0.0
2017-04-09 02:00:00,2017-04-09 02:00:00,0.0
2017-04-09 03:00:00,2017-04-09 03:00:00,0.0
2017-04-09 04:00:00,2017-04-09 04:00:00,0.0
2017-04-09 05:00:00,2017-04-09 05:00:00,0.0
2017-04-09 06:00:00,2017-04-09 06:00:00,0.0
2017-04-09 07:00:00,2017-04-09 07:00:00,0.0
2017-04-09 08:00:00,2017-04-09 08:00:00,0.0
2017-04-09 09:00:00,2017-04-09 09:00:00,93.4795982833
2017-04-09 10:00:00,2017-04-09 10:00:00,50.9111431735
2017-04-09 11:00:00,2017-04-09 11:00:00,51.0304015386
2017-04-09 12:00:00,2017-04-09 12:00:00,54.3568930101
2017-04-09 13:00:00,2017-04-09 13:00:00,57.6006559259
2017-04-09 14:00:00,2017-04-09 14:00:00,59.949135251
2017-04-09 15:00:00,2017-04-09 15:00:00,60.7180561238
2017-04-09 16:00:00,2017-04-09 16:00:00,59.6256857479
2017-04-09 17:00:00,2017-04-09 17:00:00,57.0828111275
2017-04-09 18:00:00,2017-04-09 18:00:00,53.8066854441
2017-04-09 19:00:00,2017-04-09 19:00:00,50.7439286565
2017-04-09 20:00:00,2017-04-09 20:00:00,53.6831269434
2017-04-09 21:00:00,2017-04-09 21:00:00,0.0
2017-04-09 22:00:00,2017-04-09 22:00:00,0.0
2017-04-09 23:00:00,2017-04-09 23:00:00,0.0
2017-04-10 00:00:00,2017-04-10 00:00:00,0.0
2017-04-10 01:00:00,2017-04-10 01:00:00,0.0
2017-04-10 02:00:00,2017-04-10 02:00:00,0.0
2017-04-10 03:00:00,2017-04-10 03:00:00,0.0
2017-04-10 04:00:00,2017-04-10 04:00:00,0.0
2017-04-10 05:00:00,2017-04-10 05:00:00,0.0
2017-04-10 06:00:00,2017-04-10 06:00:00,0.0
2017-04-10 07:00:00,2017-04-10 07:00:00,0.0
2017-04-10 08:00:00,2017-04-10 08:00:00,0.0
2017-04-10 09:00:00,2017-04-10 09:00:00,96.2300774786
2017-04-10 10:00:00,2017-04-10 10:00:00,52.0329517623
2017-04-10 11:00:00,2017-04-10 11:00:00,51.6381150745
2017-04-10 12:00:00,2017-04-10 12:00:00,54.7761244173
2017-04-10 13:00:00,2017-04-10 13:00:00,57.9144221396
2017-04-10 14:00:00,2017-04-10 14:00:00,60.1972735312
2017-04-10 15:00:00,2017-04-10 15:00:00,60.9394827047
2017-04-10 16:00:00,2017-04-10 16:00:00,59.8663117642
2017-04-10 17:00:00,2017-04-10 17:00:00,57.3858318849
2017-04-10 18:00:00,2017-04-10 18:00:00,54.222193063
2017-04-10 19:00:00,2017-04-10 19:00:00,51.3878601231
2017-04-10 20:00:00,2017-04-10 20:00:00,55.2294506073
2017-04-10 21:00:00,2017-04-10 21:00:00,0.0
2017-04-10 22:00:00,2017-04-10 22:00:00,0.0
2017-04-10 23:00:00,2017-04-10 23:00:00,0.0
